endereco,preco,area,quartos,banheiros,garagens
"Plano Diretor Norte, Palmas",1000000,112,3,2,4
"ARSO 43 Alameda 3, Plano Diretor Sul",625000,150,3,2,2
"Quadra ARNE 64 Alameda 2, Plano Diretor Norte",315000,115,3,1,3
"Plano Diretor Sul, Palmas",220000,86,2,2,2
"Quadra ARSE 92 Alameda 4, Plano Diretor Sul",550000,190,4,2,2
"Avenida Tocantins, Setor Bela Vista Taquaralto",198000,83,2,2,2
"Quadra ARSO 151 QI 35, Plano Diretor Sul",88000,135,3,2,2
"Plano Diretor Norte, Palmas",390000,149,4,2,2
"Quadra ARSE 101 Alameda 12, Plano Diretor Sul",250000,405,3,2,4
"Plano Diretor Sul, Palmas",660000,165,4,3,4
"Área Rural de Palmas, Area Rural de Palmas",900000,390,5,5,4
"Avenida H, Jardim Aureny III Taquaralto",375000,104,3,2,2
"Avenida João Pires Querido, Jardim Janaina Taquaralto",190000,85,3,2,2
"Jardim Aureny III, Palmas",260000,108,3,2,2
"Rua P 6, Setor Sul Taquaralto",144430,70,2,2,1
"Plano Diretor Sul, Palmas",530000,103,2,2,2
"Plano Diretor Sul, Palmas",650000,205,3,3,4
"Setor Morada do Sol Taquaralto, Palmas",220000,175,3,2,5
"Plano Diretor Sul, Palmas",160000,60,2,1,1
"Plano Diretor Norte, Palmas",780000,205,3,2,4
"Rua Allan Sampaio, Loteamento Bertaville",260000,102,3,2,2
"Plano Diretor Sul, Palmas",520000,118,3,2,2
"Setor Bela Vista Taquaralto, Palmas",270000,90,3,3,2
"Setor Sonia Regina Taquaralto, Palmas",190000,90,2,2,2
"Quadra ARSO 102 Alameda 9, Plano Diretor Sul",350000,10,3,2,3
"ARSE 22 Alameda 4, Plano Diretor Sul",850000,220,3,3,2
"Jardim Janaina Taquaralto, Palmas",160000,80,2,2,0
"Rua 32, Jardim Aureny III",240000,64,3,1,2
"Plano Diretor Sul, Palmas",695000,180,3,2,2
"Avenida Doutor Ricardo Pires de Castro, Jardim Janaina Taquaralto",195000,90,3,2,2
"Rua SF 31, Setor Santa Fé 2 Taquaralto",150000,72,2,1,2
"Taquarussu, Palmas",350000,93,3,2,2
"ARNE 13 Alameda 2, Centro",420000,117,3,2,2
"ARSO 22 Avenida LO 5, Plano Diretor Sul",630000,154,3,3,4
"Setor Bela Vista Taquaralto, Palmas",320000,129,3,2,2
"Plano Diretor Sul, Palmas",350000,164,4,3,2
"Plano Diretor Sul, Palmas",650000,195,3,4,4
"Rua das Orquídeas, Setor Sonia Regina Taquaralto",260000,180,3,2,0
"Plano Diretor Expansao Sul, Palmas",540000,120,3,3,3
"Quadra ARNE 71 Alameda 4, Plano Diretor Norte",255000,68,2,2,2
"Setor Uniao Sul, Palmas",75000,70,2,2,1
"Loteamento Bertaville, Palmas",260000,110,3,2,2
"Loteamento Bertaville, Palmas",379000,148,3,2,2
"Quadra ARNE 14 Alameda 19, Plano Diretor Norte",450000,137,3,2,3
"Quadra ARNE 63 Rua 4 A, Plano Diretor Norte",400000,169,3,3,2
"Conjunto Maria Rosa Taquaralto, Palmas",120000,125,3,1,2
"Plano Diretor Sul, Palmas",1200000,196,3,3,2
"Rua 35, Jardim Aureny III",210000,71,2,2,2
"Plano Diretor Sul, Palmas",550000,147,3,3,3
"Plano Diretor Sul, Palmas",460000,213,3,2,3
"ARSO 61 Alameda 12, Plano Diretor Sul",450000,99,3,2,5
"Plano Diretor Expansao Sul, Palmas",470000,132,3,2,0
"ARSO 54 Alameda 8, Plano Diretor Sul",680000,163,3,3,2
"Centro, Palmas",450000,100,3,2,0
"Quadra ARSE 71 Alameda 6, Plano Diretor Sul",435000,158,3,3,2
"Plano Diretor Sul, Palmas",310000,60,2,2,1
"Plano Diretor Sul, Palmas",350000,96,3,2,2
"Avenida Taquari, Jardim Santa Barbara",198000,87,2,2,1
"Quadra ARSO 52 Alameda 15, Area Central",320000,99,3,1,2
"Rua Fabrício César Freire, Jardim Janaina Taquaralto",195000,83,3,2,1
"Loteamento Lago Sul Taquaralto, Palmas",160000,161,2,1,2
"Avenida Antônio Sampaio, Loteamento Bertaville",250000,105,3,2,1
"Jardim Taquari, Palmas",150000,360,2,1,3
"Plano Diretor Sul, Palmas",450000,120,3,2,2
"Plano Diretor Sul, Palmas",550000,147,3,3,3
"Plano Diretor Sul, Palmas",650000,150,3,4,3
"Plano Diretor Norte, Palmas",670000,166,3,3,0
"Plano Diretor Sul, Palmas",450000,205,3,3,3
"ARSE 22 Alameda 4, Plano Diretor Sul",950000,250,4,3,2
"Quadra ARNE 14 Alameda 19, Plano Diretor Norte",450000,137,3,2,3
"Plano Diretor Sul, Palmas",400000,110,3,2,2
"Plano Diretor Sul, Palmas",680000,158,3,2,2
"Plano Diretor Sul, Palmas",360000,120,3,2,2
"Plano Diretor Sul, Palmas",1350000,240,4,5,4
"ARSO 33 Rua 3, Plano Diretor Sul",750000,116,3,3,3
"Rua Leonor Alice Alves de Oliveira, Loteamento Lago Sul Taquaralto",180000,72,2,2,1
"Rua Porto Velho, Jardim Aureny I",280000,221,2,1,7
"Plano Diretor Sul, Palmas",269000,100,2,2,2
"Loteamento Bertaville, Palmas",490000,150,3,3,4
"Plano Diretor Sul, Palmas",360000,120,3,2,2
"Plano Diretor Sul, Palmas",680000,158,3,2,2
"ARSO 53 Alameda 1, Plano Diretor Sul",694000,145,3,4,2
"Plano Diretor Sul, Palmas",290000,85,3,2,2
"ARSE 24 Alameda 5, Plano Diretor Sul",700000,230,3,2,3
"Plano Diretor Sul, Palmas",350000,146,3,2,2
"Setor Morada do Sol 2 Taquaralto, Palmas",170000,100,4,1,2
"Plano Diretor Sul, Palmas",650000,165,3,3,2
"Plano Diretor Sul, Palmas",269000,150,2,2,2
"Plano Diretor Norte, Palmas",380000,189,3,2,1
"Plano Diretor Sul, Palmas",300000,178,4,2,2
"Plano Diretor Sul, Palmas",280000,85,2,2,2
"Quadra ARSO 52 Alameda 24, Plano Diretor Sul",530000,103,3,3,2
"Quadra ARSE 152 QD 17, Plano Diretor Sul",390000,132,3,2,2
"Plano Diretor Sul, Palmas",285000,72,2,2,2
"Quadra ARNE 74 Rua 4, Plano Diretor Norte",412000,151,3,2,6
"Quadra ARSE 141 Alameda 31, Plano Diretor Sul",285000,75,2,2,2
"ARSE 22 Alameda 4, Plano Diretor Sul",850000,220,3,3,2
"Plano Diretor Norte, Palmas",1600000,265,4,6,3
"Plano Diretor Sul, Palmas",1750000,380,3,2,4
"Jardim Aureny III, Palmas",198000,88,2,1,2
"Loteamento Bertaville, Palmas",240000,120,3,2,3
"Plano Diretor Norte, Palmas",320000,130,2,3,4
"ARSO 63 Alameda 1, Centro",550000,130,3,2,2
"Plano Diretor Sul, Palmas",650000,150,3,3,0
"Jardim Aureny IV, Palmas",89999,75,2,1,4
"Centro, Palmas",600000,140,3,3,3
"ARNE 12 Alameda 15, Plano Diretor Norte",700000,180,3,2,3
"Plano Diretor Sul, Palmas",600000,118,3,1,1
"ARSO 43 Alameda 9, Plano Diretor Sul",660000,158,3,2,0
"Centro, Palmas",2800000,413,5,6,4
"Plano Diretor Norte, Palmas",650000,160,3,4,3
"ARSO 43 Alameda Circular 2, Plano Diretor Sul",620000,140,3,4,2
"ARSO 54 Alameda 8, Plano Diretor Sul",590000,132,3,3,2
"Plano Diretor Sul, Palmas",280000,106,3,2,0
"Plano Diretor Sul, Palmas",520000,180,3,2,2
"Plano Diretor Norte, Palmas",550000,116,3,1,4
"Plano Diretor Sul, Palmas",540000,126,3,2,4
"Quadra ARNE 41 Alameda 1, Plano Diretor Norte",650000,160,3,3,2
"Plano Diretor Sul, Palmas",450000,160,3,2,4
"Plano Diretor Sul, Palmas",690000,167,3,3,0
"Avenida Palmas, Setor Bela Vista Taquaralto",190000,90,2,2,0
"ARSO 33 Rua 3, Plano Diretor Sul",750000,116,3,3,3
"ARSE 22 Alameda 4, Plano Diretor Sul",850000,220,3,3,2
"Plano Diretor Sul, Palmas",450000,135,3,2,5
"Plano Diretor Sul, Palmas",455000,132,3,2,3
"ARSO 42 Alameda 10, Plano Diretor Sul",720000,167,3,3,2
"Jardim Aureny III, Palmas",195000,65,2,1,2
"Rua Jequitibá, Setor Morada do Sol Taquaralto",190000,66,2,2,1
"ARSO 41 Alameda 25, Plano Diretor Sul",630000,163,3,5,2
"Plano Diretor Sul, Palmas",530000,225,4,4,2
"ACNO 1 Avenida LO 2, Plano Diretor Norte",450000,160,3,3,2
"Plano Diretor Sul, Palmas",250000,130,4,2,3
"ARSO 53 Alameda 9, Plano Diretor Sul",695000,126,3,3,3
"Loteamento Bertaville, Palmas",500000,150,3,2,2
"Avenida Palmas, Setor Sul Taquaralto",190000,90,2,2,1
"Plano Diretor Sul, Palmas",629000,249,3,4,2
"Quadra ARSE 141 Alameda 6, Plano Diretor Sul",350000,96,3,2,2
"Plano Diretor Sul, Palmas",1000000,900,6,9,6
"Loteamento Palmas Sul, Palmas",240000,10,2,1,0
"Plano Diretor Sul, Palmas",290000,59,2,2,1
"Quadra ARSO 111 Alameda 24, Plano Diretor Sul",400000,102,3,2,2
"ARSO 22 Avenida LO 5, Plano Diretor Sul",580000,138,3,2,2
"ARSO 54 Alameda 8, Plano Diretor Sul",680000,163,3,3,2
"ARSO 53 Alameda 29, Plano Diretor Sul",1250000,210,3,3,2
"ARNE 13 Alameda 2, Centro",420000,117,3,2,2
"Avenida Palmas, Setor Bela Vista Taquaralto",190000,90,2,2,0
"Plano Diretor Sul, Palmas",1400000,212,3,5,0
"Plano Diretor Sul, Palmas",450000,160,3,2,4
"Plano Diretor Sul, Palmas",590000,132,3,1,2
"Rua 21, Jardim Aureny III",185000,73,2,2,1
"Quadra ARSE 41 Alameda 13, Plano Diretor Sul",1900000,303,4,6,3
"Plano Diretor Norte, Palmas",550000,249,4,4,2
"Plano Diretor Sul, Palmas",615000,109,3,1,3
"Plano Diretor Sul, Palmas",300000,98,3,2,2
"Plano Diretor Sul, Palmas",600000,125,3,3,2
"Quadra ARSO 52 Alameda 37, Plano Diretor Sul",680000,158,3,3,2
"Plano Diretor Sul, Palmas",600000,125,3,2,0
"Quadra ARSE 82 Alameda 2, Plano Diretor Sul",350000,164,4,3,2
"Plano Diretor Sul, Palmas",340000,89,3,2,2
"Quadra ARSO 52 Alameda 38, Plano Diretor Sul",549320,110,3,2,2
"Plano Diretor Sul, Palmas",590000,140,3,3,0
"Plano Diretor Sul, Palmas",340000,90,3,2,2
"Plano Diretor Sul, Palmas",360000,92,3,2,3
"ARSE 14 Alameda 5, Plano Diretor Sul",400000,108,3,4,2
"Plano Diretor Sul, Palmas",250000,127,3,2,3
"Plano Diretor Sul, Palmas",400000,102,3,1,2
"Plano Diretor Sul, Palmas",325000,130,3,2,1
"Quadra ARSO 101 Alameda 18, Plano Diretor Sul",600000,387,3,2,4
"Rua Leonor Alice Alves de Oliveira, Loteamento Lago Sul Taquaralto",180000,72,2,2,1
"ARSO 43 Alameda 3, Plano Diretor Sul",625000,150,3,2,2
"Plano Diretor Sul, Palmas",360000,120,3,2,2
"Loteamento Bertaville, Palmas",500000,150,3,2,2
"Plano Diretor Sul, Palmas",800000,250,3,4,4
"Quadra ARSO 52 Alameda 15, Plano Diretor Sul",530000,103,3,2,0
"Plano Diretor Sul, Palmas",270000,80,2,2,2
"Quadra ARNO 71 Alameda 1, Plano Diretor Norte",280000,130,3,2,3
"Avenida Palmas, Setor Sul Taquaralto",198000,87,1,2,2
"Plano Diretor Sul, Palmas",420000,10,3,3,0
"Plano Diretor Sul, Palmas",460000,250,4,4,2
"Plano Diretor Sul, Palmas",530000,130,3,1,2
"Rua 11, Centro Taquaralto",200000,80,2,2,2
"Plano Diretor Sul, Palmas",280000,73,2,2,2
"Jardim Aureny III, Palmas",155000,80,2,2,2
"ARSE 122 Alameda 26, Plano Diretor Sul",235000,83,2,2,2
"ARSO 42 Alameda 13, Plano Diretor Sul",290000,66,2,2,1
"Plano Diretor Sul, Palmas",340000,89,3,2,2
"Plano Diretor Sul, Palmas",290000,130,3,2,2
"Quadra ARSO 52 Alameda 38, Plano Diretor Sul",990000,170,3,3,2
"Plano Diretor Sul, Palmas",450000,173,4,3,4
"Plano Diretor Sul, Palmas",550000,249,4,4,2
"Plano Diretor Sul, Palmas",460000,132,3,3,3
"Quadra ARSE 141 Alameda 6, Plano Diretor Sul",350000,96,3,2,2
"Quadra ARNE 64 Alameda 2, Plano Diretor Norte",315000,115,3,1,3
"Plano Diretor Sul, Palmas",1980000,240,4,5,3
"ARNE 12 Alameda 3, Plano Diretor Norte",1200000,196,3,5,4
"Plano Diretor Norte, Palmas",630000,278,3,4,3
"Plano Diretor Sul, Palmas",270000,66,2,2,3
"Quadra ARSE 111 Alameda 12, Plano Diretor Sul",799900,250,3,3,2
"Plano Diretor Sul, Palmas",640000,150,3,3,0
"Plano Diretor Norte, Palmas",850000,334,4,5,4
"Avenida Palmas, Setor Bela Vista Taquaralto",190000,90,2,2,1
"Quadra ARSO 151 QI 35, Plano Diretor Sul",340000,89,3,2,2
"Quadra ARSE 92 Alameda 19, Plano Diretor Sul",350000,362,3,2,0
"ARSO 42 Alameda 15, Plano Diretor Sul",590000,130,3,2,0
"ARSO 34 Avenida A, Plano Diretor Sul",650000,150,3,2,2
"Jardim Aureny III, Palmas",320000,320,5,1,3
"Plano Diretor Sul, Palmas",280000,68,2,2,2
"Plano Diretor Sul, Palmas",430000,157,3,3,4
"Quadra ACSU SO 140 Avenida NS 1, Plano Diretor Sul",270000,70,2,2,2
"Avenida Palmas, Setor Bela Vista Taquaralto",190000,90,2,2,0
"Quadra ARSO 52 Alameda 20, Plano Diretor Sul",799900,167,2,1,3
"Quadra ARSO 52 Alameda 38, Plano Diretor Sul",920000,190,3,4,4
"Plano Diretor Sul, Palmas",280000,98,2,1,4
"Plano Diretor Sul, Palmas",430000,160,3,3,3
"Plano Diretor Sul, Palmas",650000,195,3,2,3
"Plano Diretor Sul, Palmas",580000,140,3,2,4
"ARSO 22 Alameda 16, Plano Diretor Sul",390000,110,3,2,2
"Plano Diretor Sul, Palmas",580000,140,3,2,4
"Plano Diretor Norte, Palmas",420000,300,2,2,2
"Plano Diretor Sul, Palmas",450000,265,3,3,2
"Quadra ARNE 71 Alameda 4, Plano Diretor Norte",262000,64,2,2,2
"Plano Diretor Sul, Palmas",450000,120,3,2,2
"ARSO 54 Alameda 8, Plano Diretor Sul",649000,239,3,2,2
"Plano Diretor Sul, Palmas",530000,108,3,1,2
"Plano Diretor Sul, Palmas",450000,160,3,4,2
"Plano Diretor Norte, Palmas",450000,300,3,3,2
"Plano Diretor Sul, Palmas",639000,138,3,2,4
"Plano Diretor Sul, Palmas",380000,100,3,1,0
"Plano Diretor Sul, Palmas",540000,180,3,1,2
"Rua Allan Sampaio, Loteamento Bertaville",230000,70,2,2,2
"Plano Diretor Sul, Palmas",490000,115,3,2,2
"Plano Diretor Sul, Palmas",415000,180,3,3,2
"Plano Diretor Sul, Palmas",260000,132,3,1,2
"Quadra ARSE 111 Alameda 12, Plano Diretor Sul",707000,150,3,3,2
"Rua NC 1, Setor Bela Vista Taquaralto",385000,150,3,2,3
"Plano Diretor Norte, Palmas",559000,130,3,3,0
"ARSE 13 Alameda 6, Plano Diretor Sul",695000,220,3,4,4
"Setor Bela Vista Taquaralto, Palmas",198000,82,2,2,2
"Plano Diretor Sul, Palmas",920000,117,3,2,2
"Plano Diretor Sul, Palmas",570000,130,3,2,0
"ARSO 43 Alameda 5, Plano Diretor Sul",630000,135,3,2,2
"Quadra ALC-SO 141 - Mirante do Lago Avenida NS 15, Plano Diretor Sul",1800000,210,3,4,4
"Rua Copaíba, Setor Morada do Sol Taquaralto",160000,73,2,2,1
"Plano Diretor Sul, Palmas",420000,131,3,2,3
"ARSO 43 Alameda 10, Plano Diretor Sul",695000,154,3,3,2
"Plano Diretor Norte, Palmas",450000,142,3,2,4
"Plano Diretor Norte, Palmas",280000,138,2,1,1
"Plano Diretor Sul, Palmas",680000,163,3,4,2
"Plano Diretor Sul, Palmas",450000,265,3,3,2
"ARSO 54 Alameda 23, Plano Diretor Sul",600000,132,3,3,2
"Quadra ARSE 71 Alameda 12, Plano Diretor Sul",450000,160,3,2,3
"Plano Diretor Sul, Palmas",1200000,200,3,3,4
"Plano Diretor Sul, Palmas",695000,145,3,4,2
"Plano Diretor Norte, Palmas",200000,74,2,2,1
"Plano Diretor Sul, Palmas",450000,100,3,2,3
"Plano Diretor Sul, Palmas",350000,100,3,2,2
"Plano Diretor Sul, Palmas",350000,94,2,3,2
"Plano Diretor Sul, Palmas",420000,90,3,3,2
"Plano Diretor Sul, Palmas",330000,90,3,2,2
"Plano Diretor Sul, Palmas",450000,120,3,2,2
"Plano Diretor Norte, Palmas",630000,147,3,3,4
"Plano Diretor Sul, Palmas",650000,156,3,3,4
"Plano Diretor Sul, Palmas",395000,225,3,2,3
"Plano Diretor Sul, Palmas",650000,155,3,3,3
"Plano Diretor Sul, Palmas",340000,135,3,2,2
"Plano Diretor Sul, Palmas",260000,80,2,2,2
"Quadra ARSO 111 Alameda 24, Plano Diretor Sul",390000,102,3,2,2
"ARSO 54 Alameda 8, Plano Diretor Sul",380000,127,3,2,2
"Plano Diretor Sul, Palmas",650000,214,3,2,2
"ACNO 1 Avenida LO 2, Plano Diretor Norte",450000,160,3,3,2
"Plano Diretor Norte, Palmas",450000,300,3,2,0
"Plano Diretor Sul, Palmas",290000,60,2,2,2
"Plano Diretor Sul, Palmas",550000,249,4,4,3
"Plano Diretor Sul, Palmas",600000,108,3,2,2
"Plano Diretor Sul, Palmas",417000,184,3,3,3
"Plano Diretor Norte, Palmas",280000,81,2,1,2
"Plano Diretor Sul, Palmas",585000,110,3,3,3
"Plano Diretor Sul, Palmas",530000,164,3,3,2
"Plano Diretor Sul, Palmas",360000,100,3,2,2
"ARNE 12 Alameda 13, Plano Diretor Norte",685000,220,4,2,4
"Plano Diretor Sul, Palmas",195000,137,2,2,1
"Quadra ARSE 131 Rua 20, Plano Diretor Sul",350000,138,3,3,3
"Jardim Aureny III, Palmas",140000,110,2,1,0
"Plano Diretor Sul, Palmas",280000,300,2,2,2
"Plano Diretor Sul, Palmas",460000,213,3,3,2
"Quadra ARSE 141 Alameda 1, Plano Diretor Sul",360000,101,3,2,2
"Plano Diretor Norte, Palmas",699000,127,3,2,2
"Plano Diretor Norte, Palmas",1350000,415,4,4,4
"Plano Diretor Expansao Sul, Palmas",630000,126,3,1,3
"ARSO 54 Avenida LO 11, Plano Diretor Sul",680000,163,3,4,2
"ARSO 42 Alameda 5, Plano Diretor Sul",680000,157,3,3,2
"Plano Diretor Sul, Palmas",1100000,180,3,4,3
"Plano Diretor Norte, Palmas",1110000,289,4,4,4
"Plano Diretor Sul, Palmas",850000,360,3,3,4
"Plano Diretor Sul, Palmas",750000,232,4,4,4
"Plano Diretor Sul, Palmas",339000,80,3,2,2
"Plano Diretor Sul, Palmas",630000,149,3,3,0
"Plano Diretor Norte, Palmas",240000,120,3,2,1
"ARSE 14 Alameda 13, Plano Diretor Sul",850000,154,3,4,2
"ARSO 42 Alameda 5, Plano Diretor Sul",720000,135,3,2,1
"Plano Diretor Sul, Palmas",580000,124,3,2,2
"ARSO 23 Alameda 1, Plano Diretor Sul",550000,240,4,4,3
"Plano Diretor Sul, Palmas",460000,140,3,2,2
"Quadra ARSE 101 Alameda 6, Plano Diretor Sul",550000,126,3,4,2
"ARSE 14 Alameda 5, Plano Diretor Sul",350000,94,2,3,2
"Plano Diretor Sul, Palmas",520000,103,3,2,0
"Quadra ARNO 23 Alameda 122, Plano Diretor Norte",650000,402,6,6,6
"Quadra ARSO 52 Alameda 35, Plano Diretor Sul",520000,103,3,2,2
"Plano Diretor Sul, Palmas",280000,150,2,2,4
"Quadra ARSO 101 Alameda 1, Plano Diretor Sul",360000,180,3,2,2
"Plano Diretor Sul, Palmas",450000,95,3,2,2
"ARSO 23 Alameda 4, Plano Diretor Sul",550000,240,3,1,3
"Plano Diretor Norte, Palmas",450000,140,3,2,3
"Plano Diretor Sul, Palmas",520000,111,3,2,2
"Plano Diretor Sul, Palmas",450000,148,3,2,2
"Quadra ARSO 52 Alameda 2, Plano Diretor Sul",880000,360,3,2,4
"Plano Diretor Sul, Palmas",470000,105,3,3,2
"Quadra ARSO 52 Alameda 38, Plano Diretor Sul",480000,120,3,2,3
"Plano Diretor Sul, Palmas",530000,116,3,1,2
"Quadra ARNE 54 Alameda 1, Plano Diretor Norte",850000,193,3,3,2
"Loteamento Caribe, Palmas",2700000,240,3,5,0
"Plano Diretor Norte, Palmas",449000,120,3,2,2
"Plano Diretor Norte, Palmas",385000,300,3,2,2
"Rua 12, Jardim Aureny II",185000,75,2,2,2
"ARSO 54 Alameda 8, Plano Diretor Sul",680000,163,3,4,2
"Quadra ARSE 121 Alameda 8, Plano Diretor Sul",370000,140,3,2,4
"Plano Diretor Sul, Palmas",280000,186,2,2,2
"Plano Diretor Norte, Palmas",550000,320,3,4,4
"Plano Diretor Sul, Palmas",650000,150,3,3,0
"Quadra ARSE 141 Alameda 12, Plano Diretor Sul",350000,96,3,2,2
"Quadra ARSE 111 Alameda 12, Plano Diretor Sul",220000,86,2,2,1
"Plano Diretor Sul, Palmas",420000,158,3,2,2
"Plano Diretor Sul, Palmas",640000,150,3,2,2
"Quadra ARSE 92 Alameda 1, Plano Diretor Sul",565000,133,3,3,2
"Plano Diretor Sul, Palmas",320000,200,3,1,2
"Quadra ACSE 1 Rua de Pedestre SE 3, Plano Diretor Sul",265000,70,2,2,2
"Plano Diretor Sul, Palmas",650000,195,3,2,3
"Quadra ARSO 151 QI 35, Plano Diretor Sul",590000,132,3,3,2
"Plano Diretor Sul, Palmas",680000,158,3,2,2
"Plano Diretor Sul, Palmas",550000,120,3,4,0
"Plano Diretor Sul, Palmas",460000,213,3,2,3
"Plano Diretor Sul, Palmas",530000,175,3,3,2
"Quadra ARSO 151 QI 35, Plano Diretor Sul",340000,89,3,2,3
"Plano Diretor Sul, Palmas",550000,260,3,3,2
"ARSO 62 Alameda 38, Plano Diretor Sul",580000,160,3,2,2
"Plano Diretor Sul, Palmas",599000,365,3,3,0
"ARSO 14 Avenida NS 9, Plano Diretor Sul",3100000,343,4,5,4
"Plano Diretor Norte, Palmas",650000,360,3,2,3
"Quadra ARSO 52 Alameda 3, Plano Diretor Sul",920000,167,3,3,2
"Plano Diretor Sul, Palmas",695000,158,3,3,0
"Plano Diretor Sul, Palmas",550000,175,3,2,4
"Quadra ARNE 71 Alameda 4, Plano Diretor Norte",550000,116,3,2,2
"ARSO 31 Alameda 3, Plano Diretor Sul",1300000,300,4,5,2
"Plano Diretor Sul, Palmas",770000,177,4,5,2
"Plano Diretor Norte, Palmas",550000,300,4,3,3
"Quadra ARNO 42 Alameda 13, Plano Diretor Norte",400000,160,3,3,3
"Plano Diretor Sul, Palmas",320000,95,2,2,1
"Quadra ARSO 52 Alameda 38, Plano Diretor Sul",549999,96,3,2,2
"Quadra ARNE 51 Alameda 10, Plano Diretor Norte",350000,84,2,2,2
"ARSO 64 Avenida LO 13, Plano Diretor Sul",540000,120,3,3,2
"Plano Diretor Sul, Palmas",650000,155,3,2,3
"Plano Diretor Sul, Palmas",390000,115,3,2,2
"Quadra ARSO 101 Alameda 3, Plano Diretor Sul",420000,110,3,3,2
"Plano Diretor Sul, Palmas",270000,65,2,2,0
"Loteamento Caribe, Palmas",1300000,177,3,4,4
"Quadra ARSO 151 QI 35, Plano Diretor Sul",340000,89,3,2,2
"Quadra ARSO 111 Alameda 1, Plano Diretor Sul",384900,103,3,2,2
"Quadra ARSO 151 QI 20, Plano Diretor Sul",590000,145,3,3,3
"Plano Diretor Sul, Palmas",650000,150,3,3,0
"Plano Diretor Sul, Palmas",395000,108,3,2,3
"Plano Diretor Sul, Palmas",762048,148,3,3,2
"Plano Diretor Sul, Palmas",629000,125,3,2,3
"Plano Diretor Sul, Palmas",975000,195,4,5,3
"Plano Diretor Sul, Palmas",290000,80,2,2,3
"ARSO 53 Alameda 1, Plano Diretor Sul",645000,155,3,3,4
"Plano Diretor Sul, Palmas",360000,115,3,2,2
"ARSO 54 Alameda 8, Plano Diretor Sul",649000,129,3,3,4
"Plano Diretor Sul, Palmas",360000,97,3,2,2
"Plano Diretor Sul, Palmas",580000,136,3,2,2
"Plano Diretor Sul, Palmas",680000,163,3,4,4
"Quadra ARSE 111 Alameda 12, Plano Diretor Sul",1650000,210,3,3,2
"Plano Diretor Sul, Palmas",360000,86,3,2,0
"Quadra ARNE 61 Alameda 2, Plano Diretor Norte",295000,100,3,2,4
"Plano Diretor Sul, Palmas",550000,249,4,4,2
"Plano Diretor Sul, Palmas",630000,125,3,2,2
"Plano Diretor Sul, Palmas",240000,78,2,2,1
"Plano Diretor Norte, Palmas",450000,142,3,2,3
"Quadra ARSO 151 QI 35, Plano Diretor Sul",340000,89,3,2,2
"Jardim Janaina Taquaralto, Palmas",160000,80,2,2,0
"Plano Diretor Sul, Palmas",420000,240,4,3,4
"Plano Diretor Norte, Palmas",340000,89,3,2,0
"Plano Diretor Sul, Palmas",390000,130,3,2,1
"Plano Diretor Sul, Palmas",460000,236,3,2,2
"ARSO 62 Alameda 16, Plano Diretor Sul",500000,107,3,2,2
"Plano Diretor Sul, Palmas",180000,52,2,2,1
"Plano Diretor Sul, Palmas",695000,145,3,5,0
"Plano Diretor Sul, Palmas",550000,116,3,2,2
"Plano Diretor Sul, Palmas",540000,120,3,3,2
"Plano Diretor Sul, Palmas",580000,116,3,2,2
"Quadra ARSE 62 Alameda Dejanira, Plano Diretor Sul",665000,230,4,3,4
"Plano Diretor Norte, Palmas",570000,124,3,2,2
"Plano Diretor Sul, Palmas",430000,160,3,3,0
"Área Rural de Palmas, Area Rural de Palmas",500000,180,3,3,0
"Plano Diretor Sul, Palmas",350000,92,3,1,2
"Quadra ARSE 111 Alameda 10, Plano Diretor Sul",235000,58,2,2,1
"Plano Diretor Sul, Palmas",1450000,334,3,4,3
"Plano Diretor Sul, Palmas",550000,124,3,4,0
"Plano Diretor Norte, Palmas",460000,180,3,2,2
"Avenida I, Jardim Aureny III",300000,107,3,2,0
"Plano Diretor Sul, Palmas",1000000,260,5,4,2
"Quadra ARSE 82 Alameda 8, Plano Diretor Sul",350000,120,3,2,3
"Quadra ARSO 151 QI 34, Plano Diretor Sul",340000,70,3,2,1
"Plano Diretor Sul, Palmas",680000,163,3,3,2
"ARSO 32 Rua 1 A, Plano Diretor Sul",420000,100,3,3,2
"Plano Diretor Sul, Palmas",410000,109,3,2,2
"ARSO 54 Alameda 8, Plano Diretor Sul",800000,230,3,3,3
"Plano Diretor Sul, Palmas",740000,150,3,3,3
"Plano Diretor Sul, Palmas",650000,195,3,2,3
"Quadra ARSE 102 Alameda 2, Plano Diretor Sul",750000,240,4,3,3
"Quadra ARSO 52 Alameda 25, Plano Diretor Sul",530000,103,3,2,2
"ARSO 61 Alameda 10, Plano Diretor Sul",739000,247,3,3,2
"Plano Diretor Sul, Palmas",890000,214,4,4,0
"Plano Diretor Norte, Palmas",998000,157,3,3,2
"Plano Diretor Sul, Palmas",600000,140,3,3,4
"Quadra ARSO 52 Alameda 38, Plano Diretor Sul",920000,177,3,3,2
"Plano Diretor Sul, Palmas",325000,200,3,2,3
"Quadra ARSO 52 Alameda 38, Plano Diretor Sul",530000,120,3,3,2
"Plano Diretor Sul, Palmas",400000,112,3,2,3
"Plano Diretor Sul, Palmas",480000,148,3,2,2
"ARSO 42 Alameda 15, Plano Diretor Sul",720000,166,3,1,0
"Plano Diretor Norte, Palmas",565000,130,3,2,4
"Plano Diretor Sul, Palmas",520000,116,3,2,0
"Plano Diretor Sul, Palmas",360000,352,3,2,4
"Plano Diretor Sul, Palmas",550000,267,3,3,4
"Plano Diretor Sul, Palmas",350000,80,2,2,2
"Plano Diretor Sul, Palmas",695000,180,3,2,0
"Quadra ARSO 151 QI 22, Plano Diretor Sul",460000,133,3,2,1
"Plano Diretor Sul, Palmas",340000,360,3,2,2
"Plano Diretor Sul, Palmas",530000,120,3,2,2
"Quadra ARNE 71 Alameda 4, Plano Diretor Norte",550000,130,3,3,2
"Plano Diretor Sul, Palmas",200000,80,3,1,3
"Plano Diretor Sul, Palmas",690000,206,3,3,3
"Plano Diretor Sul, Palmas",750000,450,3,3,3
"Plano Diretor Sul, Palmas",500000,10,1,1,0
"Plano Diretor Sul, Palmas",220000,60,2,2,1
"Plano Diretor Sul, Palmas",695000,154,3,2,0
"Plano Diretor Sul, Palmas",750000,168,4,3,4
"Plano Diretor Sul, Palmas",390000,130,3,2,3
"Plano Diretor Sul, Palmas",395000,184,5,5,4
"ARSO 43 Alameda Circular 1, Plano Diretor Sul",640000,138,3,3,2
"ARSO 42 Alameda 2, Plano Diretor Sul",590000,130,3,3,2
"Plano Diretor Sul, Palmas",645000,329,3,1,3
"Plano Diretor Sul, Palmas",250000,63,2,2,2
"Quadra ARNE 14 Alameda 23, Plano Diretor Norte",550000,154,4,3,3
"Plano Diretor Sul, Palmas",739000,247,3,3,4
"Plano Diretor Sul, Palmas",460000,245,3,4,0
"Plano Diretor Sul, Palmas",650000,246,3,3,4
"Plano Diretor Sul, Palmas",420000,120,3,2,0
"Quadra ARSO 151 QI 35, Plano Diretor Sul",650000,207,4,4,4
"Plano Diretor Sul, Palmas",320000,88,2,2,2
"Plano Diretor Sul, Palmas",299000,77,3,2,0
"Quadra ARSE 121 Alameda 6, Plano Diretor Sul",430000,148,3,2,2
"Plano Diretor Sul, Palmas",550000,116,3,2,2
"Quadra ARSO 52 Alameda 19, Plano Diretor Sul",520000,103,3,2,2
"Plano Diretor Sul, Palmas",375000,100,3,2,2
"Plano Diretor Sul, Palmas",260000,80,2,2,1
"Plano Diretor Sul, Palmas",645000,135,3,3,0
"Plano Diretor Sul, Palmas",490000,360,3,4,3
"Quadra ARNE 71 Alameda 9, Plano Diretor Norte",670000,165,3,2,4
"Plano Diretor Sul, Palmas",720000,102,3,2,1
"Quadra ARSE 102 Alameda 22, Plano Diretor Sul",450000,135,3,2,2
"Plano Diretor Sul, Palmas",450000,140,3,2,4
"Plano Diretor Sul, Palmas",220000,60,2,2,1
"Plano Diretor Sul, Palmas",599000,145,3,2,2
"Plano Diretor Sul, Palmas",550000,250,4,4,2
"Plano Diretor Sul, Palmas",600000,103,3,2,2
"Plano Diretor Sul, Palmas",360000,92,3,1,2
"ARSO 54 Alameda 8, Plano Diretor Sul",629000,125,3,3,3
"ARSO 43 Alameda Circular 1, Plano Diretor Sul",670000,154,3,2,2
"Plano Diretor Sul, Palmas",650000,137,3,4,2
"ARSE 23 Alameda 1, Plano Diretor Sul",1150000,300,4,3,5
"Quadra ARSO 52 Alameda 38, Plano Diretor Sul",550000,96,3,2,2
"Plano Diretor Sul, Palmas",400000,106,3,2,2
"ARSO 31 Alameda 9, Plano Diretor Sul",1700000,350,3,5,4
"Plano Diretor Sul, Palmas",615000,109,3,2,0
"Plano Diretor Sul, Palmas",990000,450,5,6,5
"Plano Diretor Sul, Palmas",750000,320,2,5,3
"Plano Diretor Sul, Palmas",680000,158,3,2,2
"Plano Diretor Norte, Palmas",699000,127,3,2,2
"Plano Diretor Sul, Palmas",520000,219,3,2,2
"Plano Diretor Sul, Palmas",899000,184,3,4,2
"Quadra ARSE 102 Alameda 2, Plano Diretor Sul",750000,240,4,3,2
"Plano Diretor Sul, Palmas",749900,144,3,4,4
"ARSE 14 Alameda 19, Plano Diretor Sul",519000,111,3,1,2
"Plano Diretor Sul, Palmas",580000,300,3,2,2
"Plano Diretor Sul, Palmas",600000,103,3,2,2
"Quadra ARSO 151 QI 20, Plano Diretor Sul",550000,225,4,4,2
"Plano Diretor Sul, Palmas",440000,101,3,2,2
"Plano Diretor Sul, Palmas",740000,155,3,3,0
"Plano Diretor Sul, Palmas",600000,144,3,2,0
"Quadra ARSE 141 Alameda 12, Plano Diretor Sul",380000,92,3,1,0
"ARSO 61 Alameda 6, Plano Diretor Sul",580000,360,3,2,4
"Quadra ARNE 14 Alameda 25, Plano Diretor Norte",490000,125,3,2,4
"Quadra ARSE 62 Alameda Di Cavalcanti, Plano Diretor Sul",197000,67,2,2,1
"Plano Diretor Sul, Palmas",639000,139,3,2,2
"ARSO 24 Avenida NS 9, Plano Diretor Sul",1600000,196,4,4,2
"Quadra AANO, Plano Diretor Norte",870000,205,3,4,3
"ARSO 22 Alameda 28, Plano Diretor Sul",580000,130,3,2,2
"Quadra ARSO 121 Alameda 1, Plano Diretor Sul",350000,155,3,2,2
"Plano Diretor Sul, Palmas",370000,158,3,1,2
"Plano Diretor Sul, Palmas",350000,96,3,1,2
"Plano Diretor Sul, Palmas",270000,80,3,2,1
"Quadra ARSO 52 Alameda 27, Plano Diretor Sul",380000,98,3,2,2
"Plano Diretor Sul, Palmas",420000,102,3,2,2
"Plano Diretor Sul, Palmas",780000,154,3,5,0
"Plano Diretor Sul, Palmas",780000,205,3,3,4
"Plano Diretor Sul, Palmas",550000,120,3,4,2
"Quadra ARSO 52 Alameda 27, Plano Diretor Sul",690000,150,3,4,2
"ARSO 42 Alameda 12, Plano Diretor Sul",620000,132,3,3,2
"Quadra ARSE 111 Alameda 12, Plano Diretor Sul",1100000,360,3,3,3
"ARSO 42 Alameda 11, Plano Diretor Sul",620000,142,3,3,2
"Plano Diretor Sul, Palmas",530000,140,3,3,3
"ARSO 43 Alameda 11, Plano Diretor Sul",650000,124,3,2,4
"Plano Diretor Sul, Palmas",1500000,446,4,7,8
"Plano Diretor Sul, Palmas",1250000,185,3,5,3
"Plano Diretor Sul, Palmas",470000,365,3,1,2
"Plano Diretor Sul, Palmas",880000,190,3,4,4
"Quadra ARSO 52 Alameda 38, Plano Diretor Sul",1200000,200,3,4,4
"Quadra ARSE 131 Rua 1, Plano Diretor Sul",690000,156,3,3,2
"Plano Diretor Sul, Palmas",220000,60,2,1,1
"Plano Diretor Sul, Palmas",680000,329,3,2,2
"Quadra ARSO 151 HM 11, Plano Diretor Sul",199000,55,2,2,1
"Taquarussu, Palmas",240000,360,3,1,2
"Jardim Aureny III, Palmas",210000,72,2,1,2
"ARSE 13 Alameda 6, Plano Diretor Sul",225000,51,2,2,1
"ARSO 53 Alameda 29, Plano Diretor Sul",1250000,211,3,4,2
"Plano Diretor Sul, Palmas",460000,213,3,3,4
"Quadra ARSE 141 Alameda 12, Plano Diretor Sul",350000,96,3,1,2
"Plano Diretor Sul, Palmas",370000,200,3,3,0
"Plano Diretor Sul, Palmas",285000,75,2,1,2
"ARSO 53 Alameda 20, Plano Diretor Sul",1050000,200,3,5,4
"Loteamento Bertaville, Palmas",195000,76,2,2,2
"Quadra ARSE 141 Alameda 1, Plano Diretor Sul",305000,82,2,2,2
"ARSO 42 Alameda 15, Plano Diretor Sul",270000,59,2,1,0
"Plano Diretor Sul, Palmas",650000,120,3,2,2
"Plano Diretor Sul, Palmas",380000,110,3,1,3
"ARSE 12 Alameda 4, Plano Diretor Sul",765000,147,3,1,2
"Quadra ARNE 64 Alameda 2, Plano Diretor Norte",315000,115,3,1,3
"ARSO 42 Alameda 2, Plano Diretor Sul",290000,88,2,2,1
"ARSO 42 Alameda 27, Plano Diretor Sul",650000,320,4,4,4
"Plano Diretor Sul, Palmas",695000,150,3,4,2
"Plano Diretor Sul, Palmas",695000,180,3,2,4
"ARSE 12 Alameda 20, Plano Diretor Sul",899000,184,3,4,2
"Plano Diretor Sul, Palmas",530000,116,3,3,2
"Plano Diretor Norte, Palmas",520000,384,3,1,2
"Plano Diretor Norte, Palmas",330000,88,2,1,2
"Plano Diretor Sul, Palmas",550000,240,4,3,6
"Quadra ARSE 141 Alameda 12, Plano Diretor Sul",285000,75,2,1,0
"Plano Diretor Sul, Palmas",990000,192,3,5,0
"ARSO 54 Alameda 8, Plano Diretor Sul",795000,168,3,3,2
"Plano Diretor Sul, Palmas",750000,155,3,3,0
"Quadra ARSE 21 Alameda 10, Plano Diretor Sul",2300000,602,5,7,5
"Plano Diretor Norte, Palmas",280000,90,2,1,2
"Plano Diretor Sul, Palmas",350000,160,3,2,0
"Plano Diretor Sul, Palmas",350000,114,3,1,3
"Quadra ARSO 102 Alameda 9, Plano Diretor Sul",350000,10,3,2,3
"Plano Diretor Sul, Palmas",500000,111,3,2,0
"Avenida Taquari, Jardim Santa Barbara",180000,107,2,1,4
"Plano Diretor Norte, Palmas",699000,357,3,2,1
"Plano Diretor Sul, Palmas",480000,132,3,3,0
"Plano Diretor Sul, Palmas",660000,158,3,1,2
"ARSE 14 Alameda 19, Plano Diretor Sul",520000,120,3,2,2
"Quadra ARSO 151 QI 34, Plano Diretor Sul",598000,140,3,3,3
"Plano Diretor Sul, Palmas",780000,170,3,4,4
"Plano Diretor Sul, Palmas",850000,315,3,4,5
"Plano Diretor Sul, Palmas",760000,135,3,3,4
"Plano Diretor Sul, Palmas",130000,62,2,1,2
"Quadra ARSE 121 Alameda 4, Plano Diretor Sul",760000,238,4,3,4
"Plano Diretor Sul, Palmas",330000,152,3,2,2
"Plano Diretor Sul, Palmas",160000,49,2,2,1
"Plano Diretor Sul, Palmas",390000,95,3,2,2
"Plano Diretor Sul, Palmas",390000,197,3,1,2
"Plano Diretor Sul, Palmas",649000,129,3,3,4
"Plano Diretor Sul, Palmas",750000,360,3,3,0
"Plano Diretor Sul, Palmas",689000,138,3,4,3
"Plano Diretor Sul, Palmas",580000,140,3,2,2
"ARSO 33 Rua 5, Plano Diretor Sul",975000,212,4,5,2
"Plano Diretor Sul, Palmas",710000,185,3,3,2
"Quadra ARSO 151 QI 20, Plano Diretor Sul",380000,120,3,1,0
"Plano Diretor Sul, Palmas",280000,72,2,2,3
"Plano Diretor Sul, Palmas",350000,85,3,2,2
"ARSO 53 Alameda 2, Plano Diretor Sul",650000,150,3,2,2
"Plano Diretor Norte, Palmas",699000,127,3,2,2
"ARSO 62 Alameda 16, Plano Diretor Sul",500000,107,3,2,2
"Quadra ARSE 71 Avenida NS 4, Plano Diretor Sul",260000,140,3,2,0
"Quadra ARSO 151 QI 35, Plano Diretor Sul",550000,170,3,3,3
"Plano Diretor Sul, Palmas",370000,103,3,2,0
"ARSO 33 Rua 5, Plano Diretor Sul",870000,179,3,4,4
"Plano Diretor Sul, Palmas",639000,138,3,3,0
"Plano Diretor Sul, Palmas",570000,102,3,3,2
"ARSO 53 Alameda 2, Plano Diretor Sul",450000,150,3,3,2
"ARSO 42 Alameda 18 A, Plano Diretor Sul",880000,175,4,4,3
"Quadra ARSO 52 Alameda 16, Plano Diretor Sul",699990,150,3,3,3
"Plano Diretor Sul, Palmas",460000,265,3,2,3
"Plano Diretor Sul, Palmas",630000,225,3,3,2
"Plano Diretor Norte, Palmas",580000,150,3,2,2
"Plano Diretor Sul, Palmas",360000,92,3,1,2
"Quadra ARNE 74 Rua 12, Plano Diretor Norte",295000,77,2,2,2
"Plano Diretor Norte, Palmas",580000,240,3,2,2
"ARSO 62 Alameda 24, Plano Diretor Sul",420000,100,3,2,2
"Plano Diretor Sul, Palmas",550000,149,3,2,2
"Quadra ARNE 71 Alameda 14, Plano Diretor Norte",600000,152,3,3,3
"Rua Copaíba, Setor Morada do Sol Taquaralto",160000,73,2,2,1
"Plano Diretor Sul, Palmas",750000,360,4,4,3
"ARSE 14 Alameda 5, Plano Diretor Sul",400000,106,3,3,2
"Quadra ARNE 71 Avenida LO 18, Plano Diretor Norte",650000,135,3,2,2
"Plano Diretor Sul, Palmas",780000,212,4,3,3
"Plano Diretor Sul, Palmas",900000,150,3,3,4
"Plano Diretor Sul, Palmas",649000,129,3,3,4
"Quadra ARSO 111 Alameda 26, Plano Diretor Sul",410000,102,3,2,4
"Rua das Dalias, Setor Sonia Regina Taquaralto",190000,90,2,2,1
"Plano Diretor Sul, Palmas",1299000,200,3,3,2
"Plano Diretor Sul, Palmas",650000,194,4,2,4
"Plano Diretor Norte, Palmas",998000,157,3,3,0
"Quadra ARNO 33 Alameda 26, Plano Diretor Norte",170000,70,2,1,0
"Plano Diretor Sul, Palmas",550000,170,3,2,4
"Plano Diretor Sul, Palmas",270000,64,2,1,2
"Plano Diretor Sul, Palmas",450000,133,2,2,2
"Plano Diretor Sul, Palmas",600000,300,3,1,0
"ARSO 42 Alameda 5, Plano Diretor Sul",630000,144,3,3,2
"Quadra ARSE 92 Alameda 7, Plano Diretor Sul",420000,150,3,3,2
"Quadra ARSO 151 QI 35, Plano Diretor Sul",199000,55,2,2,1
"Plano Diretor Sul, Palmas",560000,124,3,2,0
"Plano Diretor Sul, Palmas",650000,154,3,2,2
"Plano Diretor Sul, Palmas",400000,103,3,1,1
"Loteamento Caribe, Palmas",2300000,287,4,5,0
"Quadra ARSO 151 QI 20, Plano Diretor Sul",390000,96,3,2,2
"ARSO 43 Alameda Circular 1, Plano Diretor Sul",630000,142,3,3,2
"ARSO 34 Rua 10, Plano Diretor Sul",690000,150,3,2,2
"Plano Diretor Sul, Palmas",540000,180,3,1,1
"Plano Diretor Sul, Palmas",500000,110,3,2,2
"Plano Diretor Sul, Palmas",1300000,209,3,4,0
"Quadra ARSO 151 HM 11, Plano Diretor Sul",199000,55,2,2,1
"ARSE 14 Alameda 5, Plano Diretor Sul",800000,305,4,5,4
"Plano Diretor Sul, Palmas",300000,93,3,2,0
"Quadra ARSO 151 QI 35, Plano Diretor Sul",200000,55,2,2,1
"Plano Diretor Sul, Palmas",580000,151,3,3,3
"ARSO 43 Alameda 3, Plano Diretor Sul",630000,135,3,2,3
"Plano Diretor Sul, Palmas",570000,102,3,2,2
"Graciosa - Orla 14 , Palmas",472334,104,3,1,2
"Plano Diretor Sul, Palmas",280000,70,2,2,2
"ACNO 1 Avenida LO 2, Plano Diretor Norte",600000,150,2,1,0
"Quadra ARSE 111 Alameda 12, Plano Diretor Sul",660000,240,3,2,2
"Quadra ARSE 51 Alameda 11, Plano Diretor Sul",380000,146,3,3,2
"Plano Diretor Sul, Palmas",625000,105,3,3,2
"Quadra ARSO 52 Alameda 10, Plano Diretor Sul",1200000,200,3,3,2
"Plano Diretor Sul, Palmas",589000,180,3,2,3
"Quadra ARSO 111 Alameda 26, Plano Diretor Sul",400000,102,3,2,4
"Plano Diretor Sul, Palmas",530000,225,4,3,4
"Plano Diretor Sul, Palmas",680000,247,3,4,4
"Quadra ARSO 151 HM 12, Plano Diretor Sul",199000,55,2,2,1
"Plano Diretor Norte, Palmas",699000,180,3,3,0
"Rua 1, Centro Taquaralto",690000,350,3,3,4
"Plano Diretor Sul, Palmas",1750000,380,3,2,4
"Plano Diretor Sul, Palmas",620000,140,3,3,2
"Plano Diretor Sul, Palmas",270000,61,2,2,0
"Plano Diretor Sul, Palmas",990000,170,3,3,3
"Plano Diretor Sul, Palmas",390000,102,3,1,4
"Plano Diretor Sul, Palmas",460000,265,3,2,4
"Plano Diretor Sul, Palmas",950000,223,3,2,0
"Plano Diretor Sul, Palmas",170000,68,2,2,0
"Plano Diretor Sul, Palmas",920000,117,3,2,2
"Plano Diretor Sul, Palmas",570000,130,3,2,0
"Quadra ARSE 71 Alameda 8, Plano Diretor Sul",280000,141,2,2,2
"Plano Diretor Sul, Palmas",350000,96,3,2,2
"Plano Diretor Norte, Palmas",699000,127,3,3,0
"ARSO 33 Rua 10, Plano Diretor Sul",975000,212,4,5,3
"Quadra ARSO 52 Alameda 40, Plano Diretor Sul",1100000,165,3,2,4
"Plano Diretor Sul, Palmas",340000,98,2,3,4
"Plano Diretor Sul, Palmas",260000,140,3,1,2
"Plano Diretor Sul, Palmas",640000,138,3,3,4
"ARSO 22 Avenida LO 5, Plano Diretor Sul",1250000,210,3,4,2
"Plano Diretor Sul, Palmas",430000,94,3,2,2
"ARSO 23 Alameda 9, Plano Diretor Sul",639000,138,3,2,4
"Plano Diretor Sul, Palmas",230000,60,2,2,1
"Plano Diretor Sul, Palmas",530000,116,3,3,0
"Quadra ARSO 111 Alameda 12, Plano Diretor Sul",360000,100,3,2,1
"Plano Diretor Sul, Palmas",460000,132,3,1,2
"Plano Diretor Sul, Palmas",530000,115,3,2,2
"Plano Diretor Sul, Palmas",460000,250,3,1,2
"Quadra ARSO 52 Alameda 38, Plano Diretor Sul",570000,129,3,2,2
"Plano Diretor Sul, Palmas",540000,124,3,3,0
"Plano Diretor Sul, Palmas",199000,55,2,1,2
"Plano Diretor Sul, Palmas",580000,360,3,3,3
"Plano Diretor Sul, Palmas",890000,172,3,3,2
"Plano Diretor Sul, Palmas",330000,127,3,3,1
"ARSO 22 Avenida LO 5, Plano Diretor Sul",1100000,192,3,4,0
"Plano Diretor Sul, Palmas",639000,138,3,2,5
"ARSO 31 Alameda 11, Plano Diretor Sul",795000,186,3,3,2
"ARSO 33 Rua 1, Plano Diretor Sul",500000,110,3,2,2
"Plano Diretor Sul, Palmas",750000,168,4,4,2
"Plano Diretor Norte, Palmas",330000,70,2,1,2
"Plano Diretor Sul, Palmas",950000,360,4,4,2
"Plano Diretor Sul, Palmas",750000,232,4,4,1
"Quadra ARSE 142 Avenida LO 33, Plano Diretor Sul",800000,232,3,3,4
"ARSO 24 Avenida NS 9, Zona Rural",1600000,394,4,2,2
"Plano Diretor Sul, Palmas",665000,215,3,3,2
"Plano Diretor Sul, Palmas",580000,133,3,3,2
"Plano Diretor Sul, Palmas",550000,202,3,1,3
"Plano Diretor Sul, Palmas",840000,330,4,4,4
"Plano Diretor Sul, Palmas",530000,116,3,2,2
"Plano Diretor Sul, Palmas",380000,360,3,2,3
"Plano Diretor Sul, Palmas",450000,98,3,1,2
"Quadra ARSO 111 Alameda 18, Plano Diretor Sul",325000,91,3,1,2
"Plano Diretor Sul, Palmas",420000,180,3,1,2
"ARSO 22 Alameda 16, Plano Diretor Sul",390000,110,3,2,2
"Plano Diretor Sul, Palmas",910000,181,3,4,3
"Plano Diretor Sul, Palmas",650000,134,3,3,0
"Orla 14 Alameda 8, Graciosa - Orla 14",589700,217,3,3,2
"Plano Diretor Sul, Palmas",530000,103,3,2,2
"ARSO 54 Alameda 5, Plano Diretor Sul",649000,129,3,2,2
"Plano Diretor Sul, Palmas",580000,330,3,1,2
"Plano Diretor Norte, Palmas",950000,250,3,1,4
"Plano Diretor Sul, Palmas",370000,100,3,2,0
"Loteamento Caribe, Palmas",710000,133,3,3,2
"Plano Diretor Sul, Palmas",650000,134,3,2,2
"ARSO 43 Alameda 6, Plano Diretor Sul",640000,150,3,2,2
"ARSO 53 Alameda 23, Plano Diretor Sul",710000,186,3,4,0
"ARSO 63 Alameda 13, Plano Diretor Sul",875000,250,3,3,0
"Plano Diretor Sul, Palmas",849000,250,4,5,0
"ARSO 22 Alameda 1, Plano Diretor Sul",600000,129,3,2,2
"Plano Diretor Sul, Palmas",699000,157,3,3,4
"Plano Diretor Sul, Palmas",420000,197,3,3,3
"Plano Diretor Sul, Palmas",390000,196,3,2,2
"Plano Diretor Norte, Palmas",1200000,198,3,5,0
"Plano Diretor Norte, Palmas",700000,190,3,2,2
"ARSO 62 Alameda 6, Plano Diretor Sul",750000,348,5,5,4
"Plano Diretor Sul, Palmas",550000,170,3,3,2
"Plano Diretor Sul, Palmas",600000,142,3,2,2
"ARSO 43 Alameda 5, Plano Diretor Sul",625000,150,3,2,3
"Quadra ARSE 51 Alameda 2, Plano Diretor Sul",450000,147,3,2,2
"Plano Diretor Sul, Palmas",630000,130,3,3,3
"Plano Diretor Sul, Palmas",199000,300,3,1,2
"Plano Diretor Sul, Palmas",640000,140,3,2,2
"Plano Diretor Sul, Palmas",530000,116,3,2,2
"ARSO 22 Avenida LO 5, Plano Diretor Sul",950000,175,3,3,3
"ARSO 42 Alameda 15, Plano Diretor Sul",880000,175,4,4,2
"Plano Diretor Sul, Palmas",550000,111,3,1,2
"Plano Diretor Sul, Palmas",270000,200,2,1,2
"Plano Diretor Sul, Palmas",630000,118,3,3,3
"ARSO 62 Alameda 2, Plano Diretor Sul",500000,120,3,2,2
"Plano Diretor Sul, Palmas",650000,120,3,3,3
"Quadra ARSE 142 Avenida LO 33, Plano Diretor Sul",990000,192,3,5,4
"Plano Diretor Sul, Palmas",629000,125,3,2,2
"Quadra ARSO 151 QI 35, Plano Diretor Sul",390000,95,3,1,2
"ARSO 53 Alameda 2, Plano Diretor Sul",850000,265,4,4,2
"Graciosa - Orla 14 , Palmas",650000,150,3,4,2
"Plano Diretor Sul, Palmas",520000,122,3,2,2
"Quadra ARNO 44 Alameda 29, Plano Diretor Norte",100000,115,2,1,0
"Quadra ARSE 61 Alameda 13, Plano Diretor Sul",650000,350,6,5,3
"ARSE 22 Alameda 8, Plano Diretor Sul",650000,180,3,3,2
"Plano Diretor Sul, Palmas",520000,200,3,3,3
"Plano Diretor Norte, Palmas",500000,160,3,4,0
"Plano Diretor Sul, Palmas",570000,130,3,3,0
"ARSO 32 Avenida LO 5, Plano Diretor Sul",650000,150,3,3,3
"Plano Diretor Sul, Palmas",625000,150,3,2,0
"Plano Diretor Norte, Palmas",1200000,196,3,5,4
"Plano Diretor Sul, Palmas",650000,225,3,2,2
"ACSU SO 60 Avenida NS 1, Plano Diretor Sul",1150000,303,5,5,4
"Quadra ASR SE 75 Alameda 7, Plano Diretor Sul",250000,91,1,1,4
"ARSO 31 Alameda 2, Plano Diretor Sul",1750000,361,4,4,5
"ARSE 24 Alameda 7, Plano Diretor Sul",399000,123,3,1,2
"ARSO 43 Alameda 10, Plano Diretor Sul",560000,115,3,3,2
"Plano Diretor Sul, Palmas",440000,159,4,3,2
"Plano Diretor Norte, Palmas",699000,127,3,2,2
"Plano Diretor Sul, Palmas",450000,119,3,2,1
"Plano Diretor Sul, Palmas",4500000,400,5,5,4
"Plano Diretor Sul, Palmas",540000,130,3,3,2
"Plano Diretor Sul, Palmas",530000,116,3,2,2
"Orla 14 Alameda 8, Graciosa - Orla 14",782000,192,3,4,2
"Plano Diretor Sul, Palmas",650000,127,3,2,2
"Plano Diretor Sul, Palmas",260000,132,3,1,2
"Plano Diretor Sul, Palmas",550000,140,3,3,0
"Plano Diretor Sul, Palmas",629000,125,3,3,3
"ARSO 54 Alameda 5, Plano Diretor Sul",629000,125,3,2,2
"Rua 36, Jardim Aureny III",160000,57,2,1,1
"Plano Diretor Sul, Palmas",1150000,200,3,3,0
"Plano Diretor Sul, Palmas",1700000,353,4,5,4
"Plano Diretor Sul, Palmas",890000,181,3,4,3
"Quadra ARSO 52 Alameda 38, Plano Diretor Sul",720000,150,3,3,4
"ARSE 22 Alameda 10, Plano Diretor Sul",799990,180,3,4,3
"Plano Diretor Sul, Palmas",610000,145,3,2,0
"Plano Diretor Sul, Palmas",600000,144,3,2,2
"Quadra ARSE 21 Alameda 11, Plano Diretor Sul",2300000,477,4,6,4
"Plano Diretor Sul, Palmas",680000,157,3,3,2
"Plano Diretor Sul, Palmas",600000,365,3,4,1
"Plano Diretor Sul, Palmas",799900,232,3,5,0
"Plano Diretor Sul, Palmas",299000,256,3,1,2
"Plano Diretor Sul, Palmas",220000,60,2,2,0
"Plano Diretor Sul, Palmas",330000,98,3,2,1
"ARSO 53 Alameda 28, Plano Diretor Sul",600000,145,3,3,3
"Plano Diretor Sul, Palmas",530000,120,3,2,2
"Quadra ARSO 151 QI 20, Plano Diretor Sul",530000,228,4,1,0
"Plano Diretor Sul, Palmas",730000,165,3,4,4
"Plano Diretor Sul, Palmas",580000,180,3,3,1
"Plano Diretor Sul, Palmas",499000,180,3,2,2
"Plano Diretor Sul, Palmas",490000,215,3,2,2
"ARSO 63 Alameda 1, Plano Diretor Sul",530000,130,3,1,2
"Plano Diretor Sul, Palmas",580000,136,3,2,2
"Plano Diretor Sul, Palmas",610000,145,3,2,0
"Plano Diretor Sul, Palmas",750000,302,3,4,0
"Plano Diretor Norte, Palmas",300000,308,3,1,3
"ARSO 33 Rua 3, Plano Diretor Sul",900000,400,4,4,3
"Plano Diretor Sul, Palmas",750000,141,3,2,0
"Plano Diretor Norte, Palmas",650000,363,3,1,4
"Plano Diretor Sul, Palmas",690000,150,3,2,0
"Plano Diretor Sul, Palmas",990000,170,3,3,4
"Quadra ARSO 52 Alameda 38, Plano Diretor Sul",560000,142,3,3,2
"Plano Diretor Norte, Palmas",650000,120,3,2,3
"Plano Diretor Sul, Palmas",690000,150,3,3,2
"Plano Diretor Sul, Palmas",770000,177,4,5,2
"Plano Diretor Sul, Palmas",920000,210,3,5,4
"Plano Diretor Sul, Palmas",690000,150,3,2,4
"Plano Diretor Sul, Palmas",880000,321,4,5,5
"Plano Diretor Sul, Palmas",710000,185,3,3,2
"Plano Diretor Sul, Palmas",350000,160,3,1,2
"Plano Diretor Sul, Palmas",497000,225,3,1,3
"Plano Diretor Sul, Palmas",750000,168,4,1,4
"Plano Diretor Sul, Palmas",640000,142,3,2,0
"Plano Diretor Sul, Palmas",580000,132,3,3,2
"Plano Diretor Sul, Palmas",520000,180,3,1,2
"Plano Diretor Sul, Palmas",630000,126,3,2,3
"Plano Diretor Sul, Palmas",690000,150,3,3,4
"Plano Diretor Sul, Palmas",190000,80,2,1,0
"Plano Diretor Sul, Palmas",799900,180,3,1,2
"Plano Diretor Sul, Palmas",720000,167,3,3,3
"Plano Diretor Sul, Palmas",762048,147,3,4,2
"Quadra ARSO 52 Alameda 15, Plano Diretor Sul",980000,228,3,3,3
"Plano Diretor Sul, Palmas",190000,80,2,1,2
"Plano Diretor Sul, Palmas",550000,120,3,2,2
"Quadra ARSO 112 Alameda 23, Plano Diretor Sul",170000,100,2,1,2
"Plano Diretor Sul, Palmas",650000,195,3,2,3
"Plano Diretor Sul, Palmas",650000,360,3,2,3
"ARSO 22 Alameda 10, Plano Diretor Sul",1700000,325,4,6,4
"Plano Diretor Norte, Palmas",559000,130,3,3,0
"Plano Diretor Sul, Palmas",900000,190,1,3,2
"ARSO 53 Alameda 2, Plano Diretor Sul",630000,224,3,3,2
"Plano Diretor Sul, Palmas",600000,279,3,1,4
"ARSO 43 Alameda 10, Plano Diretor Sul",599999,238,3,3,2
"Quadra ARNE 14 Alameda 21, Plano Diretor Sul",1500000,290,5,1,3
"Plano Diretor Sul, Palmas",565000,133,3,3,4
"Plano Diretor Norte, Palmas",850000,234,4,2,3
"Plano Diretor Sul, Palmas",760000,130,3,2,4
"Plano Diretor Sul, Palmas",1100000,192,3,2,0
"Plano Diretor Sul, Palmas",700000,110,3,1,2
"Plano Diretor Sul, Palmas",290000,75,2,1,2
"Área Rural de Palmas, Area Rural de Palmas",240000,450,2,2,0
"ARSO 53 Alameda 7, Plano Diretor Sul",800000,400,5,5,4
"Plano Diretor Sul, Palmas",500000,103,3,1,2
"Plano Diretor Sul, Palmas",140000,80,2,1,1
"Plano Diretor Sul, Palmas",695000,360,3,3,3
"Quadra ARSO 52 Alameda 5, Plano Diretor Sul",520000,116,2,2,2
"ARSO 14 Avenida NS 9, Plano Diretor Sul",1600000,208,3,4,2
"Plano Diretor Sul, Palmas",625000,135,3,2,3
"ARSO 43 Alameda Circular 1, Plano Diretor Sul",650000,135,3,3,2
"Quadra ARSO 52 Alameda 38, Plano Diretor Sul",530000,103,3,3,2
"Plano Diretor Sul, Palmas",980000,179,3,5,4
"Plano Diretor Sul, Palmas",530000,180,3,3,2
"ARSO 43 Alameda 12, Plano Diretor Sul",560000,115,3,3,2
"Area Rural de Palmas, Palmas",1850000,600,4,4,4
"Plano Diretor Sul, Palmas",330000,120,3,2,1
"Quadra AA SE 50 Avenida LO 11, Plano Diretor Sul",340000,89,3,2,0
"Plano Diretor Sul, Palmas",625000,135,3,2,3
"Plano Diretor Sul, Palmas",470000,300,4,1,4
"Plano Diretor Sul, Palmas",800000,170,3,4,3
"Plano Diretor Sul, Palmas",630000,209,3,1,3
"ARNE 12 Alameda 2, Plano Diretor Norte",1200000,196,3,4,4
"Plano Diretor Sul, Palmas",570000,130,3,3,2
"Plano Diretor Sul, Palmas",570000,130,3,2,2
"ARSO 53 Alameda 10, Plano Diretor Sul",699000,150,3,2,2
"Quadra ARNE 64 Alameda 2, Plano Diretor Norte",495000,180,3,2,2
"Orla 14 Avenida LO 3, Graciosa - Orla 14",2263000,284,4,5,0
"ARSO 33 Rua 6 A, Plano Diretor Sul",630000,127,3,2,4
"Plano Diretor Sul, Palmas",950000,203,3,4,0
"Plano Diretor Sul, Palmas",1300000,198,3,5,0
"Plano Diretor Sul, Palmas",579000,300,5,5,2
"Plano Diretor Sul, Palmas",920000,177,3,2,2
"ARSO 53 Avenida NS 7, Plano Diretor Sul",630000,110,3,2,3
"Plano Diretor Sul, Palmas",165000,54,2,1,1
"Plano Diretor Sul, Palmas",550000,227,3,1,3
"Plano Diretor Sul, Palmas",699000,238,3,4,2
"Plano Diretor Norte, Palmas",480000,180,3,1,2
"Plano Diretor Sul, Palmas",1390000,270,3,5,0
"Area Rural de Palmas, Palmas",1680000,600,3,4,4
"Plano Diretor Sul, Palmas",350000,102,2,2,0
"Quadra ARSE 61 Avenida NS 2, Plano Diretor Sul",850000,240,4,1,0
"ARSO 61 Alameda 9, Plano Diretor Sul",1600000,382,4,3,4
"Plano Diretor Sul, Palmas",850000,177,3,3,2
"ARSO 22 Alameda 3, Plano Diretor Sul",600000,129,3,3,2
"Plano Diretor Sul, Palmas",1080000,262,3,2,0
"Plano Diretor Sul, Palmas",980000,210,3,4,3
"Plano Diretor Sul, Palmas",950000,250,4,4,0
"Plano Diretor Sul, Palmas",625000,150,3,2,3
"Plano Diretor Sul, Palmas",600000,150,3,1,2
"Plano Diretor Sul, Palmas",520000,116,3,2,3
"ARSO 43 Alameda 11, Plano Diretor Sul",650000,120,3,2,2
"Plano Diretor Norte, Palmas",600000,167,3,2,1
"Plano Diretor Sul, Palmas",1750000,204,3,4,4
"Plano Diretor Norte, Palmas",550000,10,3,1,4
"Plano Diretor Sul, Palmas",750000,238,3,4,3
"ARSO 23 Alameda 6, Plano Diretor Sul",550000,104,3,2,3
"Plano Diretor Sul, Palmas",615000,109,3,2,3
"Plano Diretor Sul, Palmas",750000,360,3,2,3
"Plano Diretor Sul, Palmas",565000,126,3,2,4
"Plano Diretor Sul, Palmas",1790000,450,4,5,4
"Plano Diretor Sul, Palmas",590000,360,3,2,3
"ARSO 62 Alameda 9, Plano Diretor Sul",710000,125,3,2,6
"Quadra ARNE 24 Alameda 32, Plano Diretor Norte",540000,160,3,4,1
"Plano Diretor Sul, Palmas",695000,154,3,3,0
"Plano Diretor Norte, Palmas",699000,125,3,3,2
"Plano Diretor Sul, Palmas",680000,105,3,3,2
"Plano Diretor Sul, Palmas",480000,148,3,2,3
"Loteamento Bertaville, Palmas",160000,71,2,1,2
"Plano Diretor Sul, Palmas",1400000,450,4,2,4
"Plano Diretor Sul, Palmas",640000,150,3,1,2
"Plano Diretor Sul, Palmas",350000,96,3,1,2
"Quadra ARSE 61 Alameda 14, Plano Diretor Sul",650000,309,5,5,5
"ARSE 24 Alameda 1, Plano Diretor Sul",215000,59,2,1,1
"ARSO 42 Alameda 1, Plano Diretor Sul",600000,130,2,1,2
"Plano Diretor Sul, Palmas",739000,247,3,3,0
"Plano Diretor Sul, Palmas",730000,250,3,1,3
"Plano Diretor Sul, Palmas",1300000,198,3,4,6
"Plano Diretor Sul, Palmas",305000,150,2,1,2
"Plano Diretor Sul, Palmas",650000,320,3,2,3
"ARSO 43 Alameda 10, Plano Diretor Sul",660000,154,3,2,2
"ARSO 33 Rua 3, Plano Diretor Sul",750000,116,3,3,3
"Plano Diretor Sul, Palmas",850000,300,3,4,4
"Plano Diretor Sul, Palmas",1150000,177,3,4,4
"Plano Diretor Sul, Palmas",495000,360,3,1,2
"Plano Diretor Sul, Palmas",950000,220,3,2,0
"Plano Diretor Sul, Palmas",550000,524,3,1,1
"Plano Diretor Sul, Palmas",1100000,300,4,5,5
"Plano Diretor Norte, Palmas",520000,118,3,2,2
"ARSO 43 Alameda 11, Plano Diretor Sul",659000,154,3,3,2
"ARSO 53 Alameda 9, Plano Diretor Sul",730000,165,3,2,4
"Plano Diretor Sul, Palmas",690000,240,3,2,2
"Plano Diretor Sul, Palmas",580000,124,3,1,2
"Plano Diretor Norte, Palmas",450000,360,3,1,3
"Quadra ALC-SO 141 - Mirante do Lago Avenida NS 15, Plano Diretor Sul",1790000,210,4,4,4
"Plano Diretor Sul, Palmas",470000,270,3,1,2
"ARSO 54 Alameda 5, Plano Diretor Sul",615000,109,3,2,3
"Plano Diretor Sul, Palmas",850000,357,4,3,4
"Quadra ARSE 121 Alameda 10, Plano Diretor Sul",420000,142,3,3,2
"Plano Diretor Sul, Palmas",1500000,246,4,5,4
"Plano Diretor Sul, Palmas",560000,260,5,3,2
"Plano Diretor Sul, Palmas",680000,158,3,2,2
"Plano Diretor Sul, Palmas",750000,188,4,2,3
"Quadra ARSE 141 Alameda 8, Plano Diretor Sul",330000,96,2,1,2
"ARSO 31 Alameda 4, Plano Diretor Sul",1750000,353,3,4,0
"Quadra ARSE 112 Alameda 18, Plano Diretor Sul",310000,120,3,1,2
"ARSO 54 Alameda 5, Plano Diretor Sul",615000,109,3,2,2
"Plano Diretor Sul, Palmas",565000,126,3,2,4
"Loteamento Caribe, Loteamento Caribe",2600000,451,4,1,5
"Plano Diretor Sul, Palmas",700000,160,3,3,0
"ARSE 22 Alameda 4, Plano Diretor Sul",850000,195,3,3,2
"Plano Diretor Sul, Palmas",730000,165,3,3,0
"Plano Diretor Sul, Palmas",565000,133,3,2,2
"Plano Diretor Sul, Palmas",235000,128,2,1,1
"Plano Diretor Sul, Palmas",899000,184,3,4,2
"Plano Diretor Sul, Palmas",450000,119,3,3,2
"Jardim Santa Barbara, Palmas",95000,10,1,1,0
"Plano Diretor Norte, Palmas",880000,240,3,2,4
"Plano Diretor Sul, Palmas",600000,104,3,2,0
"Plano Diretor Sul, Palmas",420000,200,3,1,2
"Plano Diretor Sul, Palmas",530000,116,3,2,2
"ARSO 54 Alameda 8, Plano Diretor Sul",850000,250,4,1,4
"Plano Diretor Sul, Palmas",1400000,198,3,5,0
"ARSO 42 Alameda 1, Plano Diretor Sul",880000,175,4,3,2
"Plano Diretor Sul, Palmas",630000,236,3,1,2
"Plano Diretor Sul, Palmas",729000,130,3,3,2
"Plano Diretor Sul, Palmas",580000,136,3,2,2
"ARSE 22 Alameda 4, Plano Diretor Sul",850000,220,3,3,2
"Plano Diretor Sul, Palmas",1640000,210,4,4,4
"Quadra ARSO 111 Alameda 3, Plano Diretor Sul",420000,103,3,2,1
"ARSO 61 Alameda 12, Plano Diretor Sul",750000,450,4,4,2
"Plano Diretor Sul, Palmas",750000,126,3,2,3
"Plano Diretor Sul, Palmas",470000,360,3,1,2
"Plano Diretor Sul, Palmas",290000,66,2,1,1
"Plano Diretor Sul, Palmas",430000,120,3,3,0
"Plano Diretor Norte, Palmas",420000,240,3,1,3
"Plano Diretor Norte, Palmas",700000,357,3,2,2
"Plano Diretor Sul, Palmas",1100000,192,3,5,2
"Rua 9, Taquarussu",390000,110,2,3,2
"Plano Diretor Sul, Palmas",460000,265,3,1,4
"Plano Diretor Norte, Palmas",850000,600,32,1,2
"Plano Diretor Sul, Palmas",700000,135,3,2,2
"Quadra ARSO 111 Alameda 3, Plano Diretor Sul",420000,103,3,2,1
"Plano Diretor Sul, Palmas",650000,155,3,3,2
"ARSO 43 Alameda Circular 2, Plano Diretor Sul",550000,140,3,2,2
"Plano Diretor Sul, Palmas",980000,450,4,4,4
"Plano Diretor Sul, Palmas",1200000,200,3,2,0
"Plano Diretor Norte, Palmas",699000,126,3,2,2
"Plano Diretor Norte, Palmas",520000,118,3,2,2
"Plano Diretor Sul, Palmas",639000,138,3,1,4
"Plano Diretor Sul, Palmas",1200000,200,3,3,4
"Plano Diretor Sul, Palmas",390000,196,3,1,2
"Plano Diretor Sul, Palmas",170000,54,2,1,1
"Plano Diretor Sul, Palmas",340000,150,3,1,2
"Plano Diretor Sul, Palmas",920000,380,5,4,3
"Plano Diretor Sul, Palmas",550000,100,3,3,2
"Plano Diretor Sul, Palmas",750000,254,5,4,2
"ARNE 13 Alameda 11, Plano Diretor Norte",1600000,535,4,5,6
"Plano Diretor Sul, Palmas",800000,193,3,2,2
"ARSO 14 Avenida NS 9, Plano Diretor Sul",3100000,394,5,5,4
"ARSE 13 Alameda 8, Plano Diretor Sul",660000,220,3,3,3
"Plano Diretor Sul, Palmas",1100000,260,4,3,4
"Plano Diretor Sul, Palmas",795000,168,3,3,2
"Plano Diretor Sul, Palmas",470000,180,3,1,2
"Quadra ARSO 101 Alameda 39, Plano Diretor Sul",170000,54,2,1,1
"Plano Diretor Sul, Palmas",640000,224,3,1,2
"Plano Diretor Sul, Palmas",1250000,208,3,4,4
"Plano Diretor Sul, Palmas",850000,214,3,4,3
"Plano Diretor Sul, Palmas",1150000,303,4,5,5
"ARSO 62 Alameda 38, Plano Diretor Sul",580000,142,3,2,2
"Plano Diretor Sul, Palmas",1500000,460,5,5,4
"Plano Diretor Sul, Palmas",600000,250,3,4,2
"ARSO 53 Alameda 11, Plano Diretor Sul",1400000,218,3,3,4
"Plano Diretor Sul, Palmas",315000,360,3,1,4
"Quadra ALC-SO 141 - Mirante do Lago Avenida NS 15, Plano Diretor Sul",2100000,234,3,5,4
"Jardim Aureny III, Palmas",150000,129,2,1,1
"Plano Diretor Sul, Palmas",600000,144,3,3,4
"Plano Diretor Norte, Palmas",880000,140,3,5,2
"Plano Diretor Sul, Palmas",850000,215,3,4,3
"Orla 14 Alameda 8, Graciosa - Orla 14",514756,134,3,3,2
"Plano Diretor Sul, Palmas",370000,225,3,1,2
"ARSO 22 Avenida LO 5, Plano Diretor Sul",580000,136,3,3,2
"Quadra ARSO 52 Alameda 38, Plano Diretor Sul",429310,103,3,2,2
"Plano Diretor Sul, Palmas",300000,180,3,1,2
"Plano Diretor Sul, Palmas",220000,60,2,1,1
"Plano Diretor Norte, Palmas",1100000,741,3,3,3
"ARSO 43 Alameda 10, Plano Diretor Sul",660000,154,2,2,2
"Plano Diretor Sul, Palmas",560000,180,3,2,3
"Plano Diretor Sul, Palmas",650000,225,3,1,2
"Plano Diretor Sul, Palmas",1180000,180,3,4,2
"Plano Diretor Sul, Palmas",720000,166,3,2,3
"Plano Diretor Norte, Palmas",1600000,370,4,5,2
"Plano Diretor Sul, Palmas",340000,250,2,1,3
"Plano Diretor Sul, Palmas",1100000,192,3,2,0
"Graciosa - Orla 14 , Palmas",473000,104,3,3,3
"Plano Diretor Sul, Palmas",920000,180,3,3,2
"Quadra ARNE 71 Alameda 10, Plano Diretor Norte",630000,144,3,2,2
"Plano Diretor Norte, Palmas",1200000,196,3,4,4
"Plano Diretor Sul, Palmas",390000,250,3,1,2
"Plano Diretor Sul, Palmas",630000,360,3,2,2
"Plano Diretor Sul, Palmas",1100000,192,3,2,0
"Plano Diretor Sul, Palmas",580000,135,3,3,2
"Plano Diretor Sul, Palmas",650000,340,3,1,2
"Quadra ARSE 141 Alameda 14, Plano Diretor Sul",550000,154,3,2,2
"Plano Diretor Sul, Palmas",230000,64,2,1,1
"Plano Diretor Sul, Palmas",1700000,500,3,3,4
"ARSE 12 Alameda 4, Plano Diretor Sul",800000,150,3,4,2
"ARSO 61 Alameda 1, Plano Diretor Sul",1350000,474,5,4,4
"Plano Diretor Sul, Palmas",600000,225,3,3,3
"Plano Diretor Norte, Palmas",820000,360,3,4,2
"Plano Diretor Sul, Palmas",990000,360,3,3,4
"Plano Diretor Sul, Palmas",850000,360,3,2,4
"Plano Diretor Sul, Palmas",650000,360,3,1,3
"Quadra ALC-SO 141 - Mirante do Lago Avenida NS 15, Plano Diretor Sul",1100000,238,3,4,4
"Plano Diretor Sul, Palmas",2200000,296,4,5,4
"ARSO 23 Avenida LO 5, Plano Diretor Sul",1200000,250,4,5,4
"Plano Diretor Sul, Palmas",625000,150,3,2,4
"Plano Diretor Sul, Palmas",600000,154,3,1,2
"Plano Diretor Sul, Palmas",1750000,380,3,2,4
"Plano Diretor Sul, Palmas",600000,240,3,1,3
"ARSO 54 Alameda 8, Plano Diretor Sul",795000,168,4,2,2
"Quadra ARSO 52 Alameda 38, Plano Diretor Sul",600000,150,3,2,2
"Plano Diretor Sul, Palmas",950000,175,3,2,0
"ARSO 43 Alameda Circular 1, Plano Diretor Sul",650000,124,3,2,0
"Plano Diretor Sul, Palmas",2600000,289,4,4,2
"Plano Diretor Sul, Palmas",1395000,220,4,4,3
"Plano Diretor Sul, Palmas",950000,220,3,2,0
"Plano Diretor Sul, Palmas",950000,250,4,3,2
"Plano Diretor Sul, Palmas",1400000,400,3,3,3
"Quadra ARSO 52 Alameda 21, Plano Diretor Sul",500000,108,3,2,2
"ARSO 33 Rua 5, Plano Diretor Sul",870000,179,3,1,2
"Plano Diretor Sul, Palmas",750000,113,3,3,0
"Plano Diretor Sul, Palmas",680000,137,3,2,2
"ARSE 23 Alameda 8, Plano Diretor Sul",1100000,297,4,4,0
"Quadra ARSO 121 Alameda 1, Plano Diretor Sul",175000,80,2,1,0
"Quadra ALC-SO 141 - Mirante do Lago Avenida NS 15, Plano Diretor Sul",1650000,210,3,4,2
"Quadra ARSO 52 Alameda 38, Plano Diretor Sul",480000,120,3,2,2
"Quadra ARSE 62 Alameda Portinari, Plano Diretor Sul",1300000,370,4,5,6
"Plano Diretor Sul, Palmas",490000,133,3,1,3
"Plano Diretor Sul, Palmas",450000,192,3,1,3
"Plano Diretor Sul, Palmas",390000,250,3,1,2
"Plano Diretor Sul, Palmas",680000,135,3,3,0
"Plano Diretor Sul, Palmas",1980000,234,4,6,4
"Quadra ALCSO 141B QD 1, Plano Diretor Sul",650000,219,4,3,2
"ARNE 13 Alameda 12, Plano Diretor Norte",1200000,250,4,4,6
"Plano Diretor Sul, Palmas",850000,406,3,4,4
"Plano Diretor Sul, Palmas",880000,175,4,1,2
"Plano Diretor Sul, Palmas",580000,124,3,2,2
"Plano Diretor Sul, Palmas",950000,175,3,2,0
"Quadra ARSO 52 Alameda 35, Plano Diretor Sul",520000,104,2,1,2
"Quadra ARSO 122 Quadra 4, Plano Diretor Sul",599000,148,3,3,4
"Quadra ARSE 51 Alameda 8, Plano Diretor Sul",780000,360,3,2,3
"Plano Diretor Norte, Palmas",1200000,196,3,4,4
"Plano Diretor Sul, Palmas",499000,180,3,2,3
"Quadra ARSE 152 ACSV SE 152, Plano Diretor Sul",750000,140,2,3,4
"Plano Diretor Sul, Palmas",750000,160,3,2,3
"Plano Diretor Norte, Palmas",919000,450,3,1,2
"Rua Aldacy Gomes, Loteamento Bertaville",500000,113,4,3,2
"Plano Diretor Sul, Palmas",380000,360,3,1,3
"Plano Diretor Sul, Palmas",760000,130,3,2,2
"Plano Diretor Sul, Palmas",450000,180,3,1,2
"Plano Diretor Sul, Palmas",920000,177,3,1,2
"ARSO 53 Alameda 12, Plano Diretor Sul",695000,145,3,4,3
"ARNE 13 Alameda 16, Plano Diretor Norte",1600000,535,4,5,6
"Plano Diretor Sul, Palmas",870000,195,3,5,0
"Plano Diretor Norte, Palmas",800000,215,3,4,3
"Plano Diretor Sul, Palmas",1500000,900,4,4,4
"Plano Diretor Sul, Palmas",920000,117,3,2,2
"Plano Diretor Sul, Palmas",340000,67,2,1,2
"Plano Diretor Sul, Palmas",299000,100,3,1,1
"Plano Diretor Sul, Palmas",2850000,308,1,4,3
"Plano Diretor Sul, Palmas",599000,199,3,1,2
"ARSO 61 Alameda 10, Plano Diretor Sul",739000,248,3,4,1
"ARNE 13 Alameda 12, Plano Diretor Norte",4500000,690,4,7,4
"Plano Diretor Sul, Palmas",990000,190,3,4,0
"Plano Diretor Sul, Palmas",620000,174,3,1,2
"Plano Diretor Sul, Palmas",760000,150,3,1,2
"Plano Diretor Sul, Palmas",630000,152,3,3,4
"Plano Diretor Sul, Palmas",920000,370,3,4,2
"Plano Diretor Sul, Palmas",650000,277,3,1,3
"Plano Diretor Sul, Palmas",445000,225,3,1,2
"Plano Diretor Sul, Palmas",920000,177,3,3,2
"ARSO 32 Alameda 2, Plano Diretor Sul",1980000,373,4,4,4
"Plano Diretor Sul, Palmas",495000,180,3,1,2
"Plano Diretor Sul, Palmas",650000,239,3,1,3
"ARSO 61 Alameda 12, Plano Diretor Sul",450000,99,3,2,5
"Plano Diretor Sul, Palmas",610000,145,3,2,0
"Quadra ARSE 111 Alameda 12, Plano Diretor Sul",519000,103,3,2,2
"Plano Diretor Norte, Palmas",890000,360,3,3,3
"Plano Diretor Sul, Palmas",499000,103,3,1,2
"Plano Diretor Sul, Palmas",550000,371,3,1,3
"Plano Diretor Sul, Palmas",670000,224,3,2,3
"Plano Diretor Sul, Palmas",390000,249,3,1,2
"Plano Diretor Norte, Palmas",850000,360,3,1,3
"Plano Diretor Sul, Palmas",450000,450,3,1,2
"Plano Diretor Sul, Palmas",750000,168,4,1,4
"Plano Diretor Sul, Palmas",975000,184,3,4,2
"Plano Diretor Norte, Palmas",1350000,438,4,3,3
"Plano Diretor Sul, Palmas",720000,126,3,2,3
"Plano Diretor Sul, Palmas",550000,116,3,1,0
"Area Rural de Palmas, Palmas",2700000,687,3,4,3
"Plano Diretor Sul, Palmas",680000,172,3,3,0
"Plano Diretor Sul, Palmas",695000,150,3,1,2
"Plano Diretor Sul, Palmas",570000,140,3,2,2
"Plano Diretor Sul, Palmas",1100000,500,4,5,4
"ARSO 31 Alameda 20, Plano Diretor Sul",2500000,433,5,6,5
"Plano Diretor Sul, Palmas",1750000,200,3,4,4
"Plano Diretor Sul, Palmas",600000,450,3,1,3
"Plano Diretor Norte, Palmas",550000,360,3,2,1
"ARSO 34 Rua 7, Plano Diretor Sul",645000,135,3,1,2
"ARSO 43 Alameda Circular 1, Plano Diretor Sul",710000,178,3,1,4
"ARNE 12 Alameda 2, Plano Diretor Norte",1200000,196,3,4,3
"Plano Diretor Sul, Palmas",470000,300,4,1,4
"Plano Diretor Sul, Palmas",1850000,210,4,4,4
"Plano Diretor Sul, Palmas",914928,202,3,4,2
"Plano Diretor Sul, Palmas",1150000,200,3,3,0
"Plano Diretor Sul, Palmas",680000,225,3,1,2
"Plano Diretor Sul, Palmas",630000,240,3,2,3
"Plano Diretor Sul, Palmas",750000,160,2,3,1
"Plano Diretor Sul, Palmas",1080000,262,3,2,0
"Plano Diretor Sul, Palmas",580000,360,3,1,2
"Plano Diretor Sul, Palmas",1080000,262,3,2,0
"Quadra ALCSO 141B QD 12, Plano Diretor Sul",340000,89,2,1,2
"Quadra ARSE 72 Alameda 2, Plano Diretor Sul",380000,228,3,2,3
"Plano Diretor Sul, Palmas",730000,266,3,1,4
"Plano Diretor Sul, Palmas",380000,175,2,1,1
"ARNE 12 Alameda 4, Plano Diretor Norte",700000,211,4,1,2
"Quadra ARNE 71 Alameda 4, Plano Diretor Norte",570000,130,3,2,2
"Plano Diretor Sul, Palmas",670000,285,4,1,2
"Plano Diretor Sul, Palmas",560000,225,3,1,3
"Plano Diretor Sul, Palmas",1290000,312,5,4,4
"Plano Diretor Sul, Palmas",1200000,200,3,2,0
"Quadra ARSO 52 Alameda 38, Plano Diretor Sul",890000,380,3,3,4
"Plano Diretor Sul, Palmas",770000,198,3,3,0
"Jardim Aureny III, Palmas",150000,70,2,1,1
"Plano Diretor Sul, Palmas",950000,360,3,4,4
"Plano Diretor Sul, Palmas",1100000,302,4,4,4
"Plano Diretor Sul, Palmas",1750000,210,3,5,0
"Plano Diretor Sul, Palmas",290000,59,2,1,1
"Plano Diretor Sul, Palmas",950000,360,3,1,4
"Plano Diretor Sul, Palmas",440000,180,3,1,2
"Plano Diretor Sul, Palmas",1300000,238,3,4,0
"ARSO 53 Alameda 1, Plano Diretor Sul",699000,150,3,3,2
"Plano Diretor Norte, Palmas",670000,136,3,2,2
"Plano Diretor Sul, Palmas",500000,450,4,1,2
"Plano Diretor Sul, Palmas",700000,360,3,1,2
"Quadra ARSO 52 Alameda 15, Plano Diretor Sul",1050000,193,3,4,0
"Plano Diretor Sul, Palmas",519000,111,3,1,2
"Quadra ARSO 52 Alameda 37, Plano Diretor Sul",430000,103,2,1,2
"Plano Diretor Sul, Palmas",580000,260,5,5,2
"Plano Diretor Sul, Palmas",499000,250,5,3,3
"Plano Diretor Sul, Palmas",740000,122,3,4,0
"Plano Diretor Sul, Palmas",950000,250,4,3,2
"Plano Diretor Sul, Palmas",695000,330,3,2,2
"Plano Diretor Norte, Palmas",1200000,360,3,4,4
"Plano Diretor Sul, Palmas",3100000,264,4,5,4
"Plano Diretor Sul, Palmas",760000,300,3,1,3
"Plano Diretor Sul, Palmas",660000,158,3,1,2
"Quadra ARSO 52 Alameda 5, Plano Diretor Sul",520000,104,2,1,2
"Quadra ARSO 52 Alameda 2, Plano Diretor Sul",990000,360,3,3,4
"Quadra ARSE 111 Alameda 13, Plano Diretor Sul",600000,200,3,3,4
"Plano Diretor Sul, Palmas",1250000,211,3,4,4
"Plano Diretor Norte, Palmas",565000,125,3,1,3
"Quadra ARSO 52 Alameda 38, Plano Diretor Sul",520000,180,3,2,2
"Plano Diretor Sul, Palmas",1100000,360,3,4,3
"Plano Diretor Sul, Palmas",660000,200,5,2,2
"Plano Diretor Sul, Palmas",1400000,382,4,3,4
"Plano Diretor Sul, Palmas",380000,100,3,1,2
"Plano Diretor Sul, Palmas",760000,448,3,1,3
"Plano Diretor Sul, Palmas",700000,135,3,3,0
"Quadra ALCSO 141B QD 19, Plano Diretor Sul",650000,219,3,1,2
"Plano Diretor Sul, Palmas",790000,360,3,1,2
"Quadra ARSO 52 Alameda 20, Plano Diretor Sul",530000,96,2,1,2
"Plano Diretor Sul, Palmas",1350000,450,4,2,4
"Plano Diretor Sul, Palmas",670000,340,3,1,2
"Plano Diretor Sul, Palmas",1200000,360,3,4,3
"Plano Diretor Sul, Palmas",3000000,350,4,5,3
"ARSO 43 Alameda 3, Plano Diretor Sul",625000,150,3,2,2
"Quadra ARSO 52 Alameda 40, Plano Diretor Sul",1180000,190,3,3,4
"Plano Diretor Sul, Palmas",580000,137,3,1,2
"Plano Diretor Sul, Palmas",750000,279,3,1,4
"Quadra ARNE 71 Alameda 14, Plano Diretor Norte",500000,130,2,1,2
"Plano Diretor Norte, Palmas",650000,147,3,3,1
"Quadra ARNE 71 Alameda 9, Plano Diretor Norte",660000,136,3,2,2
"Plano Diretor Sul, Palmas",2100000,420,4,5,4
"Quadra ARSO 52 Alameda 40, Plano Diretor Sul",1299000,200,3,2,2
"Plano Diretor Sul, Palmas",920000,177,3,4,2
"Plano Diretor Sul, Palmas",165000,70,2,1,1
"Plano Diretor Sul, Palmas",1750000,355,3,4,5
"Plano Diretor Sul, Palmas",560000,140,3,3,2
"Plano Diretor Sul, Palmas",850000,360,3,2,2
"Plano Diretor Sul, Palmas",530000,180,3,1,2
"Plano Diretor Sul, Palmas",739000,247,3,1,2
"Quadra ARSE 142 Alameda 5, Plano Diretor Sul",299000,81,2,1,1
"Plano Diretor Sul, Palmas",890000,323,3,3,2
"Plano Diretor Sul, Palmas",1300000,1000,5,5,5
"Plano Diretor Sul, Palmas",280000,152,2,1,1
"Plano Diretor Sul, Palmas",550000,201,4,2,4
"Plano Diretor Sul, Palmas",380000,130,3,2,0
"Plano Diretor Sul, Palmas",1200000,200,3,2,0
"Quadra ARSE 21 Alameda 10, Centro",1500000,355,5,4,5
"Plano Diretor Sul, Palmas",1200000,195,3,5,0
"Plano Diretor Sul, Palmas",1150000,500,4,6,4
"Plano Diretor Sul, Palmas",570000,103,3,1,2
"ARSE 22 Alameda 4, Plano Diretor Sul",900000,290,5,5,1
"ARSO 31 Alameda 1, Plano Diretor Sul",3900000,780,4,5,0
"ARSO 54 Alameda 23, Plano Diretor Sul",850000,250,4,1,4
"Quadra ARNE 71 Alameda 8, Plano Diretor Norte",699000,126,3,2,2
"ARSE 23 Alameda 13, Plano Diretor Sul",1150000,300,4,4,3
"Quadra ARSO 52 Alameda 25, Plano Diretor Sul",950000,210,3,1,2
"Plano Diretor Sul, Palmas",1100000,308,3,3,3
"Plano Diretor Sul, Palmas",1299000,360,3,3,3
"ARSO 61 Alameda 9, Plano Diretor Sul",2600000,600,4,6,12
"Plano Diretor Sul, Palmas",490000,250,3,1,1
"ARSO 62 Alameda 7, Plano Diretor Sul",980000,179,3,3,4
"Quadra ARSE 41 Alameda 13, Plano Diretor Sul",1908900,303,5,5,6
"ARSO 53 Avenida NS 7, Plano Diretor Sul",580000,105,3,2,2
"Plano Diretor Sul, Palmas",950000,233,3,2,2
"Plano Diretor Sul, Palmas",1800000,350,4,4,5
"Quadra ARSO 52 Alameda 25, Plano Diretor Sul",600000,127,2,1,1
"Plano Diretor Sul, Palmas",420000,92,3,1,3
"Plano Diretor Norte, Palmas",700000,250,8,6,1
"Plano Diretor Norte, Palmas",625000,157,4,2,2
"Plano Diretor Sul, Palmas",1490000,210,3,4,4
"Plano Diretor Sul, Palmas",760000,360,3,1,2
"Quadra ARSO 111 Alameda 14, Plano Diretor Sul",700000,158,3,3,3
"Plano Diretor Sul, Palmas",615000,109,3,2,2
"Plano Diretor Sul, Palmas",440000,180,3,1,2
"Plano Diretor Sul, Palmas",3400000,347,4,7,0
"ARSO 32 Rua 7, Plano Diretor Sul",1700000,410,4,5,6
"ARSO 61 Alameda 1, Plano Diretor Sul",1200000,280,4,4,4
"Plano Diretor Sul, Palmas",850000,360,3,4,3
"Plano Diretor Sul, Palmas",1600000,450,4,5,4
"Plano Diretor Sul, Palmas",599000,108,3,2,2
"Plano Diretor Sul, Palmas",1100000,300,4,3,5
"Plano Diretor Sul, Palmas",1600000,544,4,2,4
"Plano Diretor Norte, Palmas",430000,137,3,1,2
"Quadra ARSO 52 Alameda 38, Plano Diretor Sul",520000,103,3,2,2
"ARNE 12 Alameda 3, Plano Diretor Norte",1200000,196,3,5,4
"Plano Diretor Sul, Palmas",550000,103,3,2,2
"Plano Diretor Sul, Palmas",700000,132,3,3,0
"Rua Zeca Moraes, Plano Diretor Sul",390000,195,2,2,4
"Plano Diretor Sul, Palmas",880000,150,3,2,3
"ARSO 24 Avenida NS 9, Plano Diretor Sul",2800000,350,4,5,0
"Plano Diretor Sul, Palmas",695000,224,3,1,2
"Plano Diretor Sul, Palmas",1300000,1380,4,5,4
"Plano Diretor Sul, Palmas",280000,360,2,1,1
"Plano Diretor Sul, Palmas",3000000,378,5,5,4
"Plano Diretor Sul, Palmas",700000,182,3,4,3
"Plano Diretor Norte, Palmas",950000,320,3,1,3
"Plano Diretor Sul, Palmas",1100000,202,3,4,0
"Graciosa - Orla 14 , Palmas",1750000,284,4,7,0
"ARSO 53 Alameda 2, Plano Diretor Sul",730000,133,3,2,3
"Plano Diretor Sul, Palmas",1750000,355,4,3,4
"Plano Diretor Sul, Palmas",920000,182,4,4,3
"Quadra ARSE 111 Alameda 12, Plano Diretor Sul",1600000,210,3,3,2
"Plano Diretor Sul, Palmas",1500000,397,5,6,0
"Quadra ALC-SO 141 - Mirante do Lago Avenida NS 15, Plano Diretor Sul",2100000,234,4,5,4
"Plano Diretor Sul, Palmas",2300000,353,4,5,4
"Plano Diretor Sul, Palmas",1700000,353,4,6,0
"Plano Diretor Sul, Palmas",1600000,240,4,5,4
"ARSE 12 Alameda 14, Plano Diretor Sul",940000,280,3,3,2
"Plano Diretor Sul, Palmas",1980000,240,4,5,3
"ARSE 22 Alameda 2, Plano Diretor Sul",950000,360,4,4,2
"Plano Diretor Sul, Palmas",2100000,248,4,5,4
"Plano Diretor Sul, Palmas",630000,230,3,4,2
"Plano Diretor Sul, Palmas",540000,360,2,1,2
"Quadra ARSO 151 QI 35, Plano Diretor Sul",530000,225,4,3,2
"Plano Diretor Sul, Palmas",650000,230,3,1,2
"Plano Diretor Sul, Palmas",700000,420,6,2,3
"Plano Diretor Sul, Palmas",750000,185,3,4,0
"ARSO 33 Rua 8, Plano Diretor Sul",1800000,450,6,7,6
"Quadra ARSO 52 Alameda 40, Plano Diretor Sul",540000,120,3,2,2
"Plano Diretor Sul, Palmas",1600000,495,4,1,3
"Quadra ARSE 51 Alameda 6, Plano Diretor Sul",680000,156,1,1,2
"Plano Diretor Sul, Palmas",577500,104,3,2,3
"Plano Diretor Sul, Palmas",700000,143,3,3,4
"Quadra ARNE 24 Alameda 5, Plano Diretor Norte",490000,85,2,1,1
"Plano Diretor Sul, Palmas",580000,360,3,1,2
"Plano Diretor Sul, Palmas",1180000,360,3,1,2
"Plano Diretor Sul, Palmas",760000,235,3,1,2
"Plano Diretor Sul, Palmas",700000,175,3,1,2
"Plano Diretor Sul, Palmas",1150000,200,3,3,0
"Plano Diretor Sul, Palmas",1200000,200,3,1,2
"Plano Diretor Sul, Palmas",680000,175,3,1,2
"Plano Diretor Sul, Palmas",550000,116,3,1,2
"Plano Diretor Sul, Palmas",1400000,720,5,4,5
"Plano Diretor Sul, Palmas",600000,300,3,1,2
"Plano Diretor Norte, Palmas",3400000,347,4,5,4
"Quadra ARSO 52 Alameda 30, Plano Diretor Sul",990000,170,3,4,3
"Plano Diretor Sul, Palmas",450000,365,3,1,1
"Plano Diretor Sul, Palmas",900000,184,3,4,3
"Plano Diretor Sul, Palmas",680000,172,3,1,4
"Plano Diretor Norte, Palmas",1200000,196,3,1,2
"Plano Diretor Sul, Palmas",900000,225,4,4,4
"Plano Diretor Sul, Palmas",1100000,300,4,6,0
"ARSO 54 Alameda 8, Plano Diretor Sul",680000,163,3,1,2
"Plano Diretor Norte, Palmas",1600000,265,4,6,3
"Plano Diretor Sul, Palmas",990000,184,3,4,2
"Plano Diretor Sul, Palmas",990000,170,3,3,4
"Plano Diretor Norte, Palmas",1000000,112,3,2,4
"Plano Diretor Sul, Palmas",1800000,214,4,6,3
"Plano Diretor Sul, Palmas",1350000,240,4,5,4
"Plano Diretor Sul, Palmas",780000,208,3,1,3
"Plano Diretor Sul, Palmas",650000,200,3,1,2
"Plano Diretor Sul, Palmas",2250000,400,5,7,4
"Plano Diretor Sul, Palmas",570000,129,3,2,2
"Plano Diretor Sul, Palmas",660000,152,3,1,2
"Plano Diretor Norte, Palmas",690000,246,3,3,1
"Plano Diretor Sul, Palmas",629000,125,3,3,2
"Plano Diretor Sul, Palmas",1800000,238,3,4,3
"Plano Diretor Sul, Palmas",800000,293,3,1,2
"Plano Diretor Sul, Palmas",950000,360,4,1,2
"Plano Diretor Sul, Palmas",850000,360,3,1,2
"Plano Diretor Sul, Palmas",1300000,462,3,1,6
"ARSO 32 Alameda 2, Plano Diretor Sul",1980000,373,4,4,4
"Plano Diretor Sul, Palmas",570000,130,3,2,0
"Plano Diretor Sul, Palmas",850000,230,4,2,2
"Plano Diretor Sul, Palmas",800000,450,2,1,3
"Area Rural de Palmas, Palmas",80000000,4758,1,1,1
"Plano Diretor Sul, Palmas",730000,126,3,1,3
"ARSO 22 Alameda 22, Plano Diretor Sul",695000,153,3,3,0
"Quadra ARNE 41 Alameda 2, Plano Diretor Norte",850000,186,3,2,0
"Plano Diretor Sul, Palmas",899000,184,3,1,2
"Plano Diretor Sul, Palmas",800000,145,3,4,0
"Plano Diretor Sul, Palmas",649000,129,3,3,3
"Loteamento Residencial Polinesia, Palmas",2500000,281,3,1,2
"Quadra ARSO 52 Alameda 29, Plano Diretor Sul",799900,167,3,1,2
"ARSO 31 Área ACSV SO 31, Plano Diretor Sul",1700000,300,4,5,0
"Quadra ALC-SO 141 - Mirante do Lago Avenida NS 15, Plano Diretor Sul",3000000,379,5,5,4
"Plano Diretor Sul, Palmas",3000000,309,4,4,4
"Quadra ARSO 52 Alameda 38, Plano Diretor Sul",1350000,196,3,3,0
"Plano Diretor Sul, Palmas",580000,124,3,2,2
"Plano Diretor Sul, Palmas",3150000,378,3,4,4
"Plano Diretor Sul, Palmas",1100000,297,4,2,4
"Quadra ALC-SO 141 - Mirante do Lago Avenida NS 15, Plano Diretor Sul",2100000,234,4,5,4
"Plano Diretor Sul, Palmas",3600000,377,4,4,4
"ARSO 22 Alameda 13, Plano Diretor Sul",4500000,1080,5,8,8
"Plano Diretor Sul, Palmas",630000,126,3,2,3
"Plano Diretor Sul, Palmas",1850000,488,6,6,6
"Plano Diretor Sul, Palmas",1400000,360,3,1,4
"Plano Diretor Sul, Palmas",1400000,212,3,5,0
"Plano Diretor Sul, Palmas",1800000,409,4,5,4
"Plano Diretor Sul, Palmas",2500000,900,4,6,4
"Plano Diretor Sul, Palmas",1300000,360,4,1,3
"Plano Diretor Sul, Palmas",950000,360,3,1,2
"Plano Diretor Sul, Palmas",650000,165,3,3,4
"ARSO 23 Alameda 12, Plano Diretor Sul",2500000,492,4,6,10
"Plano Diretor Sul, Palmas",1200000,1427,3,1,4
"Quadra ALC-SO 141 - Mirante do Lago Avenida NS 15, Plano Diretor Sul",3000000,379,5,7,3
"ARNE 13 Alameda 14, Plano Diretor Norte",750000,240,4,1,2
"Quadra ALC-SO 141 - Mirante do Lago Avenida NS 15, Plano Diretor Sul",4500000,400,4,4,5
"ARNE 12 Alameda 9, Plano Diretor Norte",900000,263,2,3,2
"Plano Diretor Sul, Palmas",1200000,450,5,1,3
"Plano Diretor Sul, Palmas",3000000,420,4,4,3
"ARSE 13 Alameda 12, Plano Diretor Sul",750000,213,2,1,3
"Plano Diretor Sul, Palmas",1600000,216,5,6,0
"Plano Diretor Sul, Palmas",1300000,370,4,1,4
"ARSO 43 Alameda 3, Plano Diretor Sul",625000,135,2,1,3
"Plano Diretor Sul, Palmas",3000000,378,5,6,4
"ARSO 31 Alameda 21, Plano Diretor Sul",2500000,432,5,6,5
"Plano Diretor Sul, Palmas",990000,192,3,1,2
"Plano Diretor Sul, Palmas",1750000,380,3,2,4
"Plano Diretor Sul, Palmas",450000,118,3,3,0
"Plano Diretor Sul, Palmas",1500000,247,4,1,2
"ARSO 34 Rua 17, Plano Diretor Sul",1900000,197,3,4,19
"Quadra ARSO 52 Alameda 44, Plano Diretor Sul",990000,170,3,3,4
"Plano Diretor Sul, Palmas",1100000,192,3,1,4
"Plano Diretor Sul, Palmas",2100000,420,4,1,2
"ARSO 23 Alameda 12, Plano Diretor Sul",2500000,492,4,6,10
"ARSO 53 Alameda 2, Plano Diretor Sul",1400000,218,3,3,0
"Plano Diretor Sul, Palmas",1600000,420,4,1,3
"Quadra ARSE 102 Alameda 7, Plano Diretor Sul",380000,246,1,1,4
"Plano Diretor Sul, Palmas",1250000,211,3,1,2
"Plano Diretor Sul, Palmas",1395000,219,3,1,2
"Plano Diretor Sul, Palmas",920000,178,3,3,0
"Plano Diretor Sul, Palmas",2300000,652,5,1,4
"Quadra ARSO 52 Alameda 20, Plano Diretor Sul",1100000,192,3,2,0
"Plano Diretor Sul, Palmas",1100000,220,4,3,0
"Plano Diretor Sul, Palmas",1795000,488,6,2,6
"ARSO 33 Rua 3, Plano Diretor Sul",900000,400,4,4,3
"Graciosa - Orla 14 , Palmas",2600000,600,6,9,7
"Plano Diretor Norte, Palmas",2000000,385,5,5,4
"Plano Diretor Sul, Palmas",2500000,433,5,3,4
"Plano Diretor Sul, Palmas",3200000,400,4,6,4
"ARSO 34 Rua 17, Plano Diretor Sul",2950000,328,4,5,4
"Plano Diretor Sul, Palmas",740000,128,3,3,0
"Quadra ACNO 11 Rua NO 11, Plano Diretor Sul",1200000,393,5,5,4
"ARSO 14 Avenida NS 9, Plano Diretor Sul",2600000,268,4,5,4
"ARSO 61 Alameda 4, Plano Diretor Sul",950000,281,4,2,2
"Orla 14 Alameda 13, Graciosa - Orla 14",2490000,380,4,5,11
"ARSO 32 Rua 4, Plano Diretor Sul",690000,199,1,1,0
"Quadra ALC-SO 141 - Mirante do Lago Avenida NS 15, Plano Diretor Sul",3000000,380,5,1,2
"Plano Diretor Sul, Palmas",1559000,70,2,2,0
"Loteamento Caribe, Loteamento Caribe",2990000,317,4,5,4
"ARSO 31 Alameda 20, Plano Diretor Sul",2300000,433,5,1,4
"Quadra ALC-SO 141 - Mirante do Lago Avenida NS 15, Plano Diretor Sul",1650000,210,3,2,2
"ARSO 24 Avenida NS 9, Plano Diretor Sul",1600000,194,3,1,2
"Quadra ALC-SO 141 - Mirante do Lago Avenida NS 15, Plano Diretor Sul",1600000,210,3,2,2
"Plano Diretor Sul, Palmas",1985000,400,4,5,4
"Quadra ALC-SO 141 - Mirante do Lago Avenida NS 15, Plano Diretor Sul",2100000,240,4,1,2
